367918987,1,230,11,2,0.0,18.624999999999996,2,0.0,30.041666666666668,2,0.0,30.055555555555554,2,0.0,30.055555555555554,2,0.0,30.055555555555554,2,0.0,32.083333333333336,2,0.0,32.45833333333333,2,0.0,32.45833333333333,2,0.0,35.04166666666667,2,0.0,36.416666666666664,2,0.0,36.58333333333332
545643676,2,338,11,2,0.0,18.624999999999996,2,0.0,18.624999999999996,2,0.0,18.624999999999996,2,0.0,18.624999999999996,2,0.0,18.624999999999996,2,0.0,18.624999999999996,2,0.0,18.624999999999996,2,0.0,18.624999999999996,2,0.0,18.624999999999996,2,0.0,18.624999999999996,2,0.0,18.624999999999996
731179107,3,446,11,2,0.0,16.84166666666666,2,0.0,17.050000000000004,2,0.0,17.050000000000004,2,0.0,17.050000000000004,2,0.0,17.050000000000004,2,0.0,17.050000000000004,2,0.0,17.050000000000004,2,0.0,17.050000000000004,2,0.0,17.050000000000004,2,0.0,17.050000000000004,2,0.0,17.050000000000004
962804509,4,554,11,2,0.0,16.84166666666666,2,0.0,16.84166666666666,2,0.0,16.84166666666666,2,0.0,16.84166666666666,2,0.0,16.84166666666666,2,0.0,16.84166666666666,2,0.0,16.84166666666666,2,0.0,16.84166666666666,2,0.0,16.84166666666666,2,0.0,16.84166666666666,2,0.0,16.84166666666666
1150115900,5,662,11,2,0.0,16.84166666666666,2,0.0,16.84166666666666,2,0.0,16.84166666666666,2,0.0,16.84166666666666,2,0.0,16.84166666666666,2,0.0,16.84166666666666,2,0.0,16.84166666666666,2,0.0,16.84166666666666,2,0.0,16.84166666666666,2,0.0,16.84166666666666,2,0.0,16.84166666666666
1334463831,6,770,11,2,0.0,16.84166666666666,2,0.0,16.84166666666666,2,0.0,16.84166666666666,2,0.0,16.84166666666666,2,0.0,16.84166666666666,2,0.0,16.84166666666666,2,0.0,16.84166666666666,2,0.0,16.84166666666666,2,0.0,16.84166666666666,2,0.0,16.84166666666666,2,0.0,16.84166666666666
1517968668,7,878,11,2,0.0,16.84166666666666,2,0.0,16.84166666666666,2,0.0,16.84166666666666,2,0.0,16.84166666666666,2,0.0,16.84166666666666,2,0.0,16.84166666666666,2,0.0,16.84166666666666,2,0.0,16.84166666666666,2,0.0,16.84166666666666,2,0.0,16.84166666666666,2,0.0,16.84166666666666
1699382835,8,986,11,2,0.0,16.84166666666666,2,0.0,16.84166666666666,2,0.0,16.84166666666666,2,0.0,16.84166666666666,2,0.0,16.84166666666666,2,0.0,16.84166666666666,2,0.0,16.84166666666666,2,0.0,16.84166666666666,2,0.0,16.84166666666666,2,0.0,16.84166666666666,2,0.0,16.84166666666666
1906639046,9,1094,11,2,0.0,16.84166666666666,2,0.0,16.84166666666666,2,0.0,16.84166666666666,2,0.0,16.84166666666666,2,0.0,16.84166666666666,2,0.0,16.84166666666666,2,0.0,16.84166666666666,2,0.0,16.84166666666666,2,0.0,16.84166666666666,2,0.0,16.84166666666666,2,0.0,16.84166666666666
2098365933,10,1202,11,2,0.0,14.572500000000002,2,0.0,16.84166666666666,2,0.0,16.84166666666666,2,0.0,16.84166666666666,2,0.0,16.84166666666666,2,0.0,16.84166666666666,2,0.0,16.84166666666666,2,0.0,16.84166666666666,2,0.0,16.84166666666666,2,0.0,16.84166666666666,2,0.0,16.84166666666666
2272215117,11,1310,11,2,0.0,14.124999999999996,2,0.0,14.124999999999996,2,0.0,14.124999999999996,2,0.0,14.124999999999996,2,0.0,14.124999999999996,2,0.0,14.124999999999996,2,0.0,14.124999999999996,2,0.0,14.124999999999996,2,0.0,14.124999999999996,2,0.0,14.124999999999996,2,0.0,14.124999999999996
2445569026,12,1418,11,2,0.0,14.124999999999996,2,0.0,14.124999999999996,2,0.0,14.124999999999996,2,0.0,14.124999999999996,2,0.0,14.124999999999996,2,0.0,14.124999999999996,2,0.0,14.124999999999996,2,0.0,14.124999999999996,2,0.0,14.124999999999996,2,0.0,14.124999999999996,2,0.0,14.124999999999996
2618294539,13,1526,11,2,0.0,14.124999999999996,2,0.0,14.124999999999996,2,0.0,14.124999999999996,2,0.0,14.124999999999996,2,0.0,14.124999999999996,2,0.0,14.124999999999996,2,0.0,14.124999999999996,2,0.0,14.124999999999996,2,0.0,14.124999999999996,2,0.0,14.124999999999996,2,0.0,14.124999999999996
2791593152,14,1634,11,2,0.0,14.124999999999996,2,0.0,14.124999999999996,2,0.0,14.124999999999996,2,0.0,14.124999999999996,2,0.0,14.124999999999996,2,0.0,14.124999999999996,2,0.0,14.124999999999996,2,0.0,14.124999999999996,2,0.0,14.124999999999996,2,0.0,14.124999999999996,2,0.0,14.124999999999996
2964700618,15,1742,11,2,0.0,14.124999999999996,2,0.0,14.124999999999996,2,0.0,14.124999999999996,2,0.0,14.124999999999996,2,0.0,14.124999999999996,2,0.0,14.124999999999996,2,0.0,14.124999999999996,2,0.0,14.124999999999996,2,0.0,14.124999999999996,2,0.0,14.124999999999996,2,0.0,14.124999999999996
3136556754,16,1850,11,2,0.0,14.124999999999996,2,0.0,14.124999999999996,2,0.0,14.124999999999996,2,0.0,14.124999999999996,2,0.0,14.124999999999996,2,0.0,14.124999999999996,2,0.0,14.124999999999996,2,0.0,14.124999999999996,2,0.0,14.124999999999996,2,0.0,14.124999999999996,2,0.0,14.124999999999996
3310750686,17,1958,11,2,0.0,14.124999999999996,2,0.0,14.124999999999996,2,0.0,14.124999999999996,2,0.0,14.124999999999996,2,0.0,14.124999999999996,2,0.0,14.124999999999996,2,0.0,14.124999999999996,2,0.0,14.124999999999996,2,0.0,14.124999999999996,2,0.0,14.124999999999996,2,0.0,14.124999999999996
3486255339,18,2066,11,2,0.0,14.124999999999996,2,0.0,14.124999999999996,2,0.0,14.124999999999996,2,0.0,14.124999999999996,2,0.0,14.124999999999996,2,0.0,14.124999999999996,2,0.0,14.124999999999996,2,0.0,14.124999999999996,2,0.0,14.124999999999996,2,0.0,14.124999999999996,2,0.0,14.124999999999996
3656114672,19,2174,11,2,0.0,14.124999999999996,2,0.0,14.124999999999996,2,0.0,14.124999999999996,2,0.0,14.124999999999996,2,0.0,14.124999999999996,2,0.0,14.124999999999996,2,0.0,14.124999999999996,2,0.0,14.124999999999996,2,0.0,14.124999999999996,2,0.0,14.124999999999996,2,0.0,14.124999999999996
3837204572,20,2282,11,2,0.0,14.124999999999996,2,0.0,14.124999999999996,2,0.0,14.124999999999996,2,0.0,14.124999999999996,2,0.0,14.124999999999996,2,0.0,14.124999999999996,2,0.0,14.124999999999996,2,0.0,14.124999999999996,2,0.0,14.124999999999996,2,0.0,14.124999999999996,2,0.0,14.124999999999996
4015546392,21,2390,11,2,0.0,14.124999999999996,2,0.0,14.124999999999996,2,0.0,14.124999999999996,2,0.0,14.124999999999996,2,0.0,14.124999999999996,2,0.0,14.124999999999996,2,0.0,14.124999999999996,2,0.0,14.124999999999996,2,0.0,14.124999999999996,2,0.0,14.124999999999996,2,0.0,14.124999999999996
4188409122,22,2498,11,2,0.0,14.124999999999996,2,0.0,14.124999999999996,2,0.0,14.124999999999996,2,0.0,14.124999999999996,2,0.0,14.124999999999996,2,0.0,14.124999999999996,2,0.0,14.124999999999996,2,0.0,14.124999999999996,2,0.0,14.124999999999996,2,0.0,14.124999999999996,2,0.0,14.124999999999996
4367185460,23,2606,11,2,0.0,14.124999999999996,2,0.0,14.124999999999996,2,0.0,14.124999999999996,2,0.0,14.124999999999996,2,0.0,14.124999999999996,2,0.0,14.124999999999996,2,0.0,14.124999999999996,2,0.0,14.124999999999996,2,0.0,14.124999999999996,2,0.0,14.124999999999996,2,0.0,14.124999999999996
4539813693,24,2714,11,2,0.0,14.124999999999996,2,0.0,14.124999999999996,2,0.0,14.124999999999996,2,0.0,14.124999999999996,2,0.0,14.124999999999996,2,0.0,14.124999999999996,2,0.0,14.124999999999996,2,0.0,14.124999999999996,2,0.0,14.124999999999996,2,0.0,14.124999999999996,2,0.0,14.124999999999996
4709654253,25,2822,11,2,0.0,14.124999999999996,2,0.0,14.124999999999996,2,0.0,14.124999999999996,2,0.0,14.124999999999996,2,0.0,14.124999999999996,2,0.0,14.124999999999996,2,0.0,14.124999999999996,2,0.0,14.124999999999996,2,0.0,14.124999999999996,2,0.0,14.124999999999996,2,0.0,14.124999999999996
4902706880,26,2930,11,2,0.0,14.124999999999996,2,0.0,14.124999999999996,2,0.0,14.124999999999996,2,0.0,14.124999999999996,2,0.0,14.124999999999996,2,0.0,14.124999999999996,2,0.0,14.124999999999996,2,0.0,14.124999999999996,2,0.0,14.124999999999996,2,0.0,14.124999999999996,2,0.0,14.124999999999996
5095120530,27,3038,11,2,0.0,14.124999999999996,2,0.0,14.124999999999996,2,0.0,14.124999999999996,2,0.0,14.124999999999996,2,0.0,14.124999999999996,2,0.0,14.124999999999996,2,0.0,14.124999999999996,2,0.0,14.124999999999996,2,0.0,14.124999999999996,2,0.0,14.124999999999996,2,0.0,14.124999999999996
5269528137,28,3146,11,2,0.0,14.124999999999996,2,0.0,14.124999999999996,2,0.0,14.124999999999996,2,0.0,14.124999999999996,2,0.0,14.124999999999996,2,0.0,14.124999999999996,2,0.0,14.124999999999996,2,0.0,14.124999999999996,2,0.0,14.124999999999996,2,0.0,14.124999999999996,2,0.0,14.124999999999996
5440333306,29,3254,11,2,0.0,14.124999999999996,2,0.0,14.124999999999996,2,0.0,14.124999999999996,2,0.0,14.124999999999996,2,0.0,14.124999999999996,2,0.0,14.124999999999996,2,0.0,14.124999999999996,2,0.0,14.124999999999996,2,0.0,14.124999999999996,2,0.0,14.124999999999996,2,0.0,14.124999999999996
5627232366,30,3362,11,2,0.0,14.124999999999996,2,0.0,14.124999999999996,2,0.0,14.124999999999996,2,0.0,14.124999999999996,2,0.0,14.124999999999996,2,0.0,14.124999999999996,2,0.0,14.124999999999996,2,0.0,14.124999999999996,2,0.0,14.124999999999996,2,0.0,14.124999999999996,2,0.0,14.124999999999996
5820930797,31,3470,11,2,0.0,14.124999999999996,2,0.0,14.124999999999996,2,0.0,14.124999999999996,2,0.0,14.124999999999996,2,0.0,14.124999999999996,2,0.0,14.124999999999996,2,0.0,14.124999999999996,2,0.0,14.124999999999996,2,0.0,14.124999999999996,2,0.0,14.124999999999996,2,0.0,14.124999999999996
5991769417,32,3578,11,2,0.0,14.124999999999996,2,0.0,14.124999999999996,2,0.0,14.124999999999996,2,0.0,14.124999999999996,2,0.0,14.124999999999996,2,0.0,14.124999999999996,2,0.0,14.124999999999996,2,0.0,14.124999999999996,2,0.0,14.124999999999996,2,0.0,14.124999999999996,2,0.0,14.124999999999996
6164399015,33,3686,11,2,0.0,14.124999999999996,2,0.0,14.124999999999996,2,0.0,14.124999999999996,2,0.0,14.124999999999996,2,0.0,14.124999999999996,2,0.0,14.124999999999996,2,0.0,14.124999999999996,2,0.0,14.124999999999996,2,0.0,14.124999999999996,2,0.0,14.124999999999996,2,0.0,14.124999999999996
6377631642,34,3794,11,2,0.0,14.124999999999996,2,0.0,14.124999999999996,2,0.0,14.124999999999996,2,0.0,14.124999999999996,2,0.0,14.124999999999996,2,0.0,14.124999999999996,2,0.0,14.124999999999996,2,0.0,14.124999999999996,2,0.0,14.124999999999996,2,0.0,14.124999999999996,2,0.0,14.124999999999996
6555539627,35,3902,11,2,0.0,14.124999999999996,2,0.0,14.124999999999996,2,0.0,14.124999999999996,2,0.0,14.124999999999996,2,0.0,14.124999999999996,2,0.0,14.124999999999996,2,0.0,14.124999999999996,2,0.0,14.124999999999996,2,0.0,14.124999999999996,2,0.0,14.124999999999996,2,0.0,14.124999999999996
6737049026,36,4010,11,2,0.0,14.124999999999996,2,0.0,14.124999999999996,2,0.0,14.124999999999996,2,0.0,14.124999999999996,2,0.0,14.124999999999996,2,0.0,14.124999999999996,2,0.0,14.124999999999996,2,0.0,14.124999999999996,2,0.0,14.124999999999996,2,0.0,14.124999999999996,2,0.0,14.124999999999996
6929707412,37,4118,11,2,0.0,14.124999999999996,2,0.0,14.124999999999996,2,0.0,14.124999999999996,2,0.0,14.124999999999996,2,0.0,14.124999999999996,2,0.0,14.124999999999996,2,0.0,14.124999999999996,2,0.0,14.124999999999996,2,0.0,14.124999999999996,2,0.0,14.124999999999996,2,0.0,14.124999999999996
7153045227,38,4226,11,2,0.0,14.124999999999996,2,0.0,14.124999999999996,2,0.0,14.124999999999996,2,0.0,14.124999999999996,2,0.0,14.124999999999996,2,0.0,14.124999999999996,2,0.0,14.124999999999996,2,0.0,14.124999999999996,2,0.0,14.124999999999996,2,0.0,14.124999999999996,2,0.0,14.124999999999996
7350501744,39,4334,11,2,0.0,14.124999999999996,2,0.0,14.124999999999996,2,0.0,14.124999999999996,2,0.0,14.124999999999996,2,0.0,14.124999999999996,2,0.0,14.124999999999996,2,0.0,14.124999999999996,2,0.0,14.124999999999996,2,0.0,14.124999999999996,2,0.0,14.124999999999996,2,0.0,14.124999999999996
7551187620,40,4442,11,2,0.0,14.124999999999996,2,0.0,14.124999999999996,2,0.0,14.124999999999996,2,0.0,14.124999999999996,2,0.0,14.124999999999996,2,0.0,14.124999999999996,2,0.0,14.124999999999996,2,0.0,14.124999999999996,2,0.0,14.124999999999996,2,0.0,14.124999999999996,2,0.0,14.124999999999996
7729732876,41,4550,11,2,0.0,14.124999999999996,2,0.0,14.124999999999996,2,0.0,14.124999999999996,2,0.0,14.124999999999996,2,0.0,14.124999999999996,2,0.0,14.124999999999996,2,0.0,14.124999999999996,2,0.0,14.124999999999996,2,0.0,14.124999999999996,2,0.0,14.124999999999996,2,0.0,14.124999999999996
7900612797,42,4658,11,2,0.0,14.124999999999996,2,0.0,14.124999999999996,2,0.0,14.124999999999996,2,0.0,14.124999999999996,2,0.0,14.124999999999996,2,0.0,14.124999999999996,2,0.0,14.124999999999996,2,0.0,14.124999999999996,2,0.0,14.124999999999996,2,0.0,14.124999999999996,2,0.0,14.124999999999996
8098328386,43,4766,11,2,0.0,14.124999999999996,2,0.0,14.124999999999996,2,0.0,14.124999999999996,2,0.0,14.124999999999996,2,0.0,14.124999999999996,2,0.0,14.124999999999996,2,0.0,14.124999999999996,2,0.0,14.124999999999996,2,0.0,14.124999999999996,2,0.0,14.124999999999996,2,0.0,14.124999999999996
8272770467,44,4874,11,2,0.0,14.124999999999996,2,0.0,14.124999999999996,2,0.0,14.124999999999996,2,0.0,14.124999999999996,2,0.0,14.124999999999996,2,0.0,14.124999999999996,2,0.0,14.124999999999996,2,0.0,14.124999999999996,2,0.0,14.124999999999996,2,0.0,14.124999999999996,2,0.0,14.124999999999996
8465657206,45,4982,11,2,0.0,14.124999999999996,2,0.0,14.124999999999996,2,0.0,14.124999999999996,2,0.0,14.124999999999996,2,0.0,14.124999999999996,2,0.0,14.124999999999996,2,0.0,14.124999999999996,2,0.0,14.124999999999996,2,0.0,14.124999999999996,2,0.0,14.124999999999996,2,0.0,14.124999999999996
8638640768,46,5090,11,2,0.0,14.124999999999996,2,0.0,14.124999999999996,2,0.0,14.124999999999996,2,0.0,14.124999999999996,2,0.0,14.124999999999996,2,0.0,14.124999999999996,2,0.0,14.124999999999996,2,0.0,14.124999999999996,2,0.0,14.124999999999996,2,0.0,14.124999999999996,2,0.0,14.124999999999996
8812218933,47,5198,11,2,0.0,14.124999999999996,2,0.0,14.124999999999996,2,0.0,14.124999999999996,2,0.0,14.124999999999996,2,0.0,14.124999999999996,2,0.0,14.124999999999996,2,0.0,14.124999999999996,2,0.0,14.124999999999996,2,0.0,14.124999999999996,2,0.0,14.124999999999996,2,0.0,14.124999999999996
8982844561,48,5306,11,2,0.0,14.124999999999996,2,0.0,14.124999999999996,2,0.0,14.124999999999996,2,0.0,14.124999999999996,2,0.0,14.124999999999996,2,0.0,14.124999999999996,2,0.0,14.124999999999996,2,0.0,14.124999999999996,2,0.0,14.124999999999996,2,0.0,14.124999999999996,2,0.0,14.124999999999996
9156059205,49,5414,11,2,0.0,14.124999999999996,2,0.0,14.124999999999996,2,0.0,14.124999999999996,2,0.0,14.124999999999996,2,0.0,14.124999999999996,2,0.0,14.124999999999996,2,0.0,14.124999999999996,2,0.0,14.124999999999996,2,0.0,14.124999999999996,2,0.0,14.124999999999996,2,0.0,14.124999999999996
9331267240,50,5522,11,2,0.0,14.124999999999996,2,0.0,14.124999999999996,2,0.0,14.124999999999996,2,0.0,14.124999999999996,2,0.0,14.124999999999996,2,0.0,14.124999999999996,2,0.0,14.124999999999996,2,0.0,14.124999999999996,2,0.0,14.124999999999996,2,0.0,14.124999999999996,2,0.0,14.124999999999996
9542389057,51,5630,11,2,0.0,14.124999999999996,2,0.0,14.124999999999996,2,0.0,14.124999999999996,2,0.0,14.124999999999996,2,0.0,14.124999999999996,2,0.0,14.124999999999996,2,0.0,14.124999999999996,2,0.0,14.124999999999996,2,0.0,14.124999999999996,2,0.0,14.124999999999996,2,0.0,14.124999999999996
9714968821,52,5738,11,2,0.0,14.124999999999996,2,0.0,14.124999999999996,2,0.0,14.124999999999996,2,0.0,14.124999999999996,2,0.0,14.124999999999996,2,0.0,14.124999999999996,2,0.0,14.124999999999996,2,0.0,14.124999999999996,2,0.0,14.124999999999996,2,0.0,14.124999999999996,2,0.0,14.124999999999996
9912207908,53,5846,11,2,0.0,14.124999999999996,2,0.0,14.124999999999996,2,0.0,14.124999999999996,2,0.0,14.124999999999996,2,0.0,14.124999999999996,2,0.0,14.124999999999996,2,0.0,14.124999999999996,2,0.0,14.124999999999996,2,0.0,14.124999999999996,2,0.0,14.124999999999996,2,0.0,14.124999999999996
10107432784,54,5954,11,2,0.0,14.124999999999996,2,0.0,14.124999999999996,2,0.0,14.124999999999996,2,0.0,14.124999999999996,2,0.0,14.124999999999996,2,0.0,14.124999999999996,2,0.0,14.124999999999996,2,0.0,14.124999999999996,2,0.0,14.124999999999996,2,0.0,14.124999999999996,2,0.0,14.124999999999996
10304969173,55,6062,11,2,0.0,14.124999999999996,2,0.0,14.124999999999996,2,0.0,14.124999999999996,2,0.0,14.124999999999996,2,0.0,14.124999999999996,2,0.0,14.124999999999996,2,0.0,14.124999999999996,2,0.0,14.124999999999996,2,0.0,14.124999999999996,2,0.0,14.124999999999996,2,0.0,14.124999999999996
10485412927,56,6170,11,2,0.0,14.124999999999996,2,0.0,14.124999999999996,2,0.0,14.124999999999996,2,0.0,14.124999999999996,2,0.0,14.124999999999996,2,0.0,14.124999999999996,2,0.0,14.124999999999996,2,0.0,14.124999999999996,2,0.0,14.124999999999996,2,0.0,14.124999999999996,2,0.0,14.124999999999996
10663237968,57,6278,11,2,0.0,14.124999999999996,2,0.0,14.124999999999996,2,0.0,14.124999999999996,2,0.0,14.124999999999996,2,0.0,14.124999999999996,2,0.0,14.124999999999996,2,0.0,14.124999999999996,2,0.0,14.124999999999996,2,0.0,14.124999999999996,2,0.0,14.124999999999996,2,0.0,14.124999999999996
10861163478,58,6386,11,2,0.0,14.124999999999996,2,0.0,14.124999999999996,2,0.0,14.124999999999996,2,0.0,14.124999999999996,2,0.0,14.124999999999996,2,0.0,14.124999999999996,2,0.0,14.124999999999996,2,0.0,14.124999999999996,2,0.0,14.124999999999996,2,0.0,14.124999999999996,2,0.0,14.124999999999996
11035528076,59,6494,11,2,0.0,14.124999999999996,2,0.0,14.124999999999996,2,0.0,14.124999999999996,2,0.0,14.124999999999996,2,0.0,14.124999999999996,2,0.0,14.124999999999996,2,0.0,14.124999999999996,2,0.0,14.124999999999996,2,0.0,14.124999999999996,2,0.0,14.124999999999996,2,0.0,14.124999999999996
11220841300,60,6602,11,2,0.0,14.124999999999996,2,0.0,14.124999999999996,2,0.0,14.124999999999996,2,0.0,14.124999999999996,2,0.0,14.124999999999996,2,0.0,14.124999999999996,2,0.0,14.124999999999996,2,0.0,14.124999999999996,2,0.0,14.124999999999996,2,0.0,14.124999999999996,2,0.0,14.124999999999996
11393622450,61,6710,11,2,0.0,14.124999999999996,2,0.0,14.124999999999996,2,0.0,14.124999999999996,2,0.0,14.124999999999996,2,0.0,14.124999999999996,2,0.0,14.124999999999996,2,0.0,14.124999999999996,2,0.0,14.124999999999996,2,0.0,14.124999999999996,2,0.0,14.124999999999996,2,0.0,14.124999999999996
11593163151,62,6818,11,2,0.0,14.124999999999996,2,0.0,14.124999999999996,2,0.0,14.124999999999996,2,0.0,14.124999999999996,2,0.0,14.124999999999996,2,0.0,14.124999999999996,2,0.0,14.124999999999996,2,0.0,14.124999999999996,2,0.0,14.124999999999996,2,0.0,14.124999999999996,2,0.0,14.124999999999996
11827515127,63,6926,11,2,0.0,14.124999999999996,2,0.0,14.124999999999996,2,0.0,14.124999999999996,2,0.0,14.124999999999996,2,0.0,14.124999999999996,2,0.0,14.124999999999996,2,0.0,14.124999999999996,2,0.0,14.124999999999996,2,0.0,14.124999999999996,2,0.0,14.124999999999996,2,0.0,14.124999999999996
12003364187,64,7034,11,2,0.0,14.124999999999996,2,0.0,14.124999999999996,2,0.0,14.124999999999996,2,0.0,14.124999999999996,2,0.0,14.124999999999996,2,0.0,14.124999999999996,2,0.0,14.124999999999996,2,0.0,14.124999999999996,2,0.0,14.124999999999996,2,0.0,14.124999999999996,2,0.0,14.124999999999996
12177876242,65,7142,11,2,0.0,14.124999999999996,2,0.0,14.124999999999996,2,0.0,14.124999999999996,2,0.0,14.124999999999996,2,0.0,14.124999999999996,2,0.0,14.124999999999996,2,0.0,14.124999999999996,2,0.0,14.124999999999996,2,0.0,14.124999999999996,2,0.0,14.124999999999996,2,0.0,14.124999999999996
12354686497,66,7250,11,2,0.0,14.124999999999996,2,0.0,14.124999999999996,2,0.0,14.124999999999996,2,0.0,14.124999999999996,2,0.0,14.124999999999996,2,0.0,14.124999999999996,2,0.0,14.124999999999996,2,0.0,14.124999999999996,2,0.0,14.124999999999996,2,0.0,14.124999999999996,2,0.0,14.124999999999996
12543087426,67,7358,11,2,0.0,14.124999999999996,2,0.0,14.124999999999996,2,0.0,14.124999999999996,2,0.0,14.124999999999996,2,0.0,14.124999999999996,2,0.0,14.124999999999996,2,0.0,14.124999999999996,2,0.0,14.124999999999996,2,0.0,14.124999999999996,2,0.0,14.124999999999996,2,0.0,14.124999999999996
12744502733,68,7466,11,2,0.0,14.124999999999996,2,0.0,14.124999999999996,2,0.0,14.124999999999996,2,0.0,14.124999999999996,2,0.0,14.124999999999996,2,0.0,14.124999999999996,2,0.0,14.124999999999996,2,0.0,14.124999999999996,2,0.0,14.124999999999996,2,0.0,14.124999999999996,2,0.0,14.124999999999996
12917219030,69,7574,11,2,0.0,14.124999999999996,2,0.0,14.124999999999996,2,0.0,14.124999999999996,2,0.0,14.124999999999996,2,0.0,14.124999999999996,2,0.0,14.124999999999996,2,0.0,14.124999999999996,2,0.0,14.124999999999996,2,0.0,14.124999999999996,2,0.0,14.124999999999996,2,0.0,14.124999999999996
13090714593,70,7682,11,2,0.0,14.124999999999996,2,0.0,14.124999999999996,2,0.0,14.124999999999996,2,0.0,14.124999999999996,2,0.0,14.124999999999996,2,0.0,14.124999999999996,2,0.0,14.124999999999996,2,0.0,14.124999999999996,2,0.0,14.124999999999996,2,0.0,14.124999999999996,2,0.0,14.124999999999996
13265310274,71,7790,11,2,0.0,14.124999999999996,2,0.0,14.124999999999996,2,0.0,14.124999999999996,2,0.0,14.124999999999996,2,0.0,14.124999999999996,2,0.0,14.124999999999996,2,0.0,14.124999999999996,2,0.0,14.124999999999996,2,0.0,14.124999999999996,2,0.0,14.124999999999996,2,0.0,14.124999999999996
13462446961,72,7898,11,2,0.0,14.124999999999996,2,0.0,14.124999999999996,2,0.0,14.124999999999996,2,0.0,14.124999999999996,2,0.0,14.124999999999996,2,0.0,14.124999999999996,2,0.0,14.124999999999996,2,0.0,14.124999999999996,2,0.0,14.124999999999996,2,0.0,14.124999999999996,2,0.0,14.124999999999996
13635785510,73,8006,11,2,0.0,14.124999999999996,2,0.0,14.124999999999996,2,0.0,14.124999999999996,2,0.0,14.124999999999996,2,0.0,14.124999999999996,2,0.0,14.124999999999996,2,0.0,14.124999999999996,2,0.0,14.124999999999996,2,0.0,14.124999999999996,2,0.0,14.124999999999996,2,0.0,14.124999999999996
13825474292,74,8114,11,2,0.0,14.124999999999996,2,0.0,14.124999999999996,2,0.0,14.124999999999996,2,0.0,14.124999999999996,2,0.0,14.124999999999996,2,0.0,14.124999999999996,2,0.0,14.124999999999996,2,0.0,14.124999999999996,2,0.0,14.124999999999996,2,0.0,14.124999999999996,2,0.0,14.124999999999996
13998788606,75,8222,11,2,0.0,14.124999999999996,2,0.0,14.124999999999996,2,0.0,14.124999999999996,2,0.0,14.124999999999996,2,0.0,14.124999999999996,2,0.0,14.124999999999996,2,0.0,14.124999999999996,2,0.0,14.124999999999996,2,0.0,14.124999999999996,2,0.0,14.124999999999996,2,0.0,14.124999999999996
14175656889,76,8330,11,2,0.0,14.124999999999996,2,0.0,14.124999999999996,2,0.0,14.124999999999996,2,0.0,14.124999999999996,2,0.0,14.124999999999996,2,0.0,14.124999999999996,2,0.0,14.124999999999996,2,0.0,14.124999999999996,2,0.0,14.124999999999996,2,0.0,14.124999999999996,2,0.0,14.124999999999996
14352254835,77,8438,11,2,0.0,14.124999999999996,2,0.0,14.124999999999996,2,0.0,14.124999999999996,2,0.0,14.124999999999996,2,0.0,14.124999999999996,2,0.0,14.124999999999996,2,0.0,14.124999999999996,2,0.0,14.124999999999996,2,0.0,14.124999999999996,2,0.0,14.124999999999996,2,0.0,14.124999999999996
14526833450,78,8546,11,2,0.0,14.124999999999996,2,0.0,14.124999999999996,2,0.0,14.124999999999996,2,0.0,14.124999999999996,2,0.0,14.124999999999996,2,0.0,14.124999999999996,2,0.0,14.124999999999996,2,0.0,14.124999999999996,2,0.0,14.124999999999996,2,0.0,14.124999999999996,2,0.0,14.124999999999996
14707206207,79,8654,11,2,0.0,14.124999999999996,2,0.0,14.124999999999996,2,0.0,14.124999999999996,2,0.0,14.124999999999996,2,0.0,14.124999999999996,2,0.0,14.124999999999996,2,0.0,14.124999999999996,2,0.0,14.124999999999996,2,0.0,14.124999999999996,2,0.0,14.124999999999996,2,0.0,14.124999999999996
14887278590,80,8762,11,2,0.0,14.124999999999996,2,0.0,14.124999999999996,2,0.0,14.124999999999996,2,0.0,14.124999999999996,2,0.0,14.124999999999996,2,0.0,14.124999999999996,2,0.0,14.124999999999996,2,0.0,14.124999999999996,2,0.0,14.124999999999996,2,0.0,14.124999999999996,2,0.0,14.124999999999996
15071313177,81,8870,11,2,0.0,14.124999999999996,2,0.0,14.124999999999996,2,0.0,14.124999999999996,2,0.0,14.124999999999996,2,0.0,14.124999999999996,2,0.0,14.124999999999996,2,0.0,14.124999999999996,2,0.0,14.124999999999996,2,0.0,14.124999999999996,2,0.0,14.124999999999996,2,0.0,14.124999999999996
15259826405,82,8978,11,2,0.0,14.124999999999996,2,0.0,14.124999999999996,2,0.0,14.124999999999996,2,0.0,14.124999999999996,2,0.0,14.124999999999996,2,0.0,14.124999999999996,2,0.0,14.124999999999996,2,0.0,14.124999999999996,2,0.0,14.124999999999996,2,0.0,14.124999999999996,2,0.0,14.124999999999996
15453896889,83,9086,11,2,0.0,14.124999999999996,2,0.0,14.124999999999996,2,0.0,14.124999999999996,2,0.0,14.124999999999996,2,0.0,14.124999999999996,2,0.0,14.124999999999996,2,0.0,14.124999999999996,2,0.0,14.124999999999996,2,0.0,14.124999999999996,2,0.0,14.124999999999996,2,0.0,14.124999999999996
15627813317,84,9194,11,2,0.0,14.124999999999996,2,0.0,14.124999999999996,2,0.0,14.124999999999996,2,0.0,14.124999999999996,2,0.0,14.124999999999996,2,0.0,14.124999999999996,2,0.0,14.124999999999996,2,0.0,14.124999999999996,2,0.0,14.124999999999996,2,0.0,14.124999999999996,2,0.0,14.124999999999996
15801037860,85,9302,11,2,0.0,14.124999999999996,2,0.0,14.124999999999996,2,0.0,14.124999999999996,2,0.0,14.124999999999996,2,0.0,14.124999999999996,2,0.0,14.124999999999996,2,0.0,14.124999999999996,2,0.0,14.124999999999996,2,0.0,14.124999999999996,2,0.0,14.124999999999996,2,0.0,14.124999999999996
15974205401,86,9410,11,2,0.0,14.124999999999996,2,0.0,14.124999999999996,2,0.0,14.124999999999996,2,0.0,14.124999999999996,2,0.0,14.124999999999996,2,0.0,14.124999999999996,2,0.0,14.124999999999996,2,0.0,14.124999999999996,2,0.0,14.124999999999996,2,0.0,14.124999999999996,2,0.0,14.124999999999996
16164287399,87,9518,11,2,0.0,14.124999999999996,2,0.0,14.124999999999996,2,0.0,14.124999999999996,2,0.0,14.124999999999996,2,0.0,14.124999999999996,2,0.0,14.124999999999996,2,0.0,14.124999999999996,2,0.0,14.124999999999996,2,0.0,14.124999999999996,2,0.0,14.124999999999996,2,0.0,14.124999999999996
16348233922,88,9626,11,2,0.0,14.124999999999996,2,0.0,14.124999999999996,2,0.0,14.124999999999996,2,0.0,14.124999999999996,2,0.0,14.124999999999996,2,0.0,14.124999999999996,2,0.0,14.124999999999996,2,0.0,14.124999999999996,2,0.0,14.124999999999996,2,0.0,14.124999999999996,2,0.0,14.124999999999996
16534150965,89,9734,11,2,0.0,14.124999999999996,2,0.0,14.124999999999996,2,0.0,14.124999999999996,2,0.0,14.124999999999996,2,0.0,14.124999999999996,2,0.0,14.124999999999996,2,0.0,14.124999999999996,2,0.0,14.124999999999996,2,0.0,14.124999999999996,2,0.0,14.124999999999996,2,0.0,14.124999999999996
16722024192,90,9842,11,2,0.0,14.124999999999996,2,0.0,14.124999999999996,2,0.0,14.124999999999996,2,0.0,14.124999999999996,2,0.0,14.124999999999996,2,0.0,14.124999999999996,2,0.0,14.124999999999996,2,0.0,14.124999999999996,2,0.0,14.124999999999996,2,0.0,14.124999999999996,2,0.0,14.124999999999996
16894622046,91,9950,11,2,0.0,14.124999999999996,2,0.0,14.124999999999996,2,0.0,14.124999999999996,2,0.0,14.124999999999996,2,0.0,14.124999999999996,2,0.0,14.124999999999996,2,0.0,14.124999999999996,2,0.0,14.124999999999996,2,0.0,14.124999999999996,2,0.0,14.124999999999996,2,0.0,14.124999999999996
17068526868,92,10058,11,2,0.0,14.124999999999996,2,0.0,14.124999999999996,2,0.0,14.124999999999996,2,0.0,14.124999999999996,2,0.0,14.124999999999996,2,0.0,14.124999999999996,2,0.0,14.124999999999996,2,0.0,14.124999999999996,2,0.0,14.124999999999996,2,0.0,14.124999999999996,2,0.0,14.124999999999996
17240550258,93,10166,11,2,0.0,14.124999999999996,2,0.0,14.124999999999996,2,0.0,14.124999999999996,2,0.0,14.124999999999996,2,0.0,14.124999999999996,2,0.0,14.124999999999996,2,0.0,14.124999999999996,2,0.0,14.124999999999996,2,0.0,14.124999999999996,2,0.0,14.124999999999996,2,0.0,14.124999999999996
17413525969,94,10274,11,2,0.0,14.124999999999996,2,0.0,14.124999999999996,2,0.0,14.124999999999996,2,0.0,14.124999999999996,2,0.0,14.124999999999996,2,0.0,14.124999999999996,2,0.0,14.124999999999996,2,0.0,14.124999999999996,2,0.0,14.124999999999996,2,0.0,14.124999999999996,2,0.0,14.124999999999996
17635786876,95,10382,11,2,0.0,14.124999999999996,2,0.0,14.124999999999996,2,0.0,14.124999999999996,2,0.0,14.124999999999996,2,0.0,14.124999999999996,2,0.0,14.124999999999996,2,0.0,14.124999999999996,2,0.0,14.124999999999996,2,0.0,14.124999999999996,2,0.0,14.124999999999996,2,0.0,14.124999999999996
17809446278,96,10490,11,2,0.0,14.124999999999996,2,0.0,14.124999999999996,2,0.0,14.124999999999996,2,0.0,14.124999999999996,2,0.0,14.124999999999996,2,0.0,14.124999999999996,2,0.0,14.124999999999996,2,0.0,14.124999999999996,2,0.0,14.124999999999996,2,0.0,14.124999999999996,2,0.0,14.124999999999996
17984306835,97,10598,11,2,0.0,14.124999999999996,2,0.0,14.124999999999996,2,0.0,14.124999999999996,2,0.0,14.124999999999996,2,0.0,14.124999999999996,2,0.0,14.124999999999996,2,0.0,14.124999999999996,2,0.0,14.124999999999996,2,0.0,14.124999999999996,2,0.0,14.124999999999996,2,0.0,14.124999999999996
18157932104,98,10706,11,2,0.0,14.124999999999996,2,0.0,14.124999999999996,2,0.0,14.124999999999996,2,0.0,14.124999999999996,2,0.0,14.124999999999996,2,0.0,14.124999999999996,2,0.0,14.124999999999996,2,0.0,14.124999999999996,2,0.0,14.124999999999996,2,0.0,14.124999999999996,2,0.0,14.124999999999996
18326969847,99,10814,11,2,0.0,14.124999999999996,2,0.0,14.124999999999996,2,0.0,14.124999999999996,2,0.0,14.124999999999996,2,0.0,14.124999999999996,2,0.0,14.124999999999996,2,0.0,14.124999999999996,2,0.0,14.124999999999996,2,0.0,14.124999999999996,2,0.0,14.124999999999996,2,0.0,14.124999999999996
18500406700,100,10922,11,2,0.0,14.124999999999996,2,0.0,14.124999999999996,2,0.0,14.124999999999996,2,0.0,14.124999999999996,2,0.0,14.124999999999996,2,0.0,14.124999999999996,2,0.0,14.124999999999996,2,0.0,14.124999999999996,2,0.0,14.124999999999996,2,0.0,14.124999999999996,2,0.0,14.124999999999996
18691536252,101,11030,11,2,0.0,14.124999999999996,2,0.0,14.124999999999996,2,0.0,14.124999999999996,2,0.0,14.124999999999996,2,0.0,14.124999999999996,2,0.0,14.124999999999996,2,0.0,14.124999999999996,2,0.0,14.124999999999996,2,0.0,14.124999999999996,2,0.0,14.124999999999996,2,0.0,14.124999999999996
18890152621,102,11138,11,2,0.0,14.124999999999996,2,0.0,14.124999999999996,2,0.0,14.124999999999996,2,0.0,14.124999999999996,2,0.0,14.124999999999996,2,0.0,14.124999999999996,2,0.0,14.124999999999996,2,0.0,14.124999999999996,2,0.0,14.124999999999996,2,0.0,14.124999999999996,2,0.0,14.124999999999996
19064465337,103,11246,11,2,0.0,14.124999999999996,2,0.0,14.124999999999996,2,0.0,14.124999999999996,2,0.0,14.124999999999996,2,0.0,14.124999999999996,2,0.0,14.124999999999996,2,0.0,14.124999999999996,2,0.0,14.124999999999996,2,0.0,14.124999999999996,2,0.0,14.124999999999996,2,0.0,14.124999999999996
19236916418,104,11354,11,2,0.0,14.124999999999996,2,0.0,14.124999999999996,2,0.0,14.124999999999996,2,0.0,14.124999999999996,2,0.0,14.124999999999996,2,0.0,14.124999999999996,2,0.0,14.124999999999996,2,0.0,14.124999999999996,2,0.0,14.124999999999996,2,0.0,14.124999999999996,2,0.0,14.124999999999996
19408497780,105,11462,11,2,0.0,14.124999999999996,2,0.0,14.124999999999996,2,0.0,14.124999999999996,2,0.0,14.124999999999996,2,0.0,14.124999999999996,2,0.0,14.124999999999996,2,0.0,14.124999999999996,2,0.0,14.124999999999996,2,0.0,14.124999999999996,2,0.0,14.124999999999996,2,0.0,14.124999999999996
19601317617,106,11570,11,2,0.0,14.124999999999996,2,0.0,14.124999999999996,2,0.0,14.124999999999996,2,0.0,14.124999999999996,2,0.0,14.124999999999996,2,0.0,14.124999999999996,2,0.0,14.124999999999996,2,0.0,14.124999999999996,2,0.0,14.124999999999996,2,0.0,14.124999999999996,2,0.0,14.124999999999996
19791394496,107,11678,11,2,0.0,14.124999999999996,2,0.0,14.124999999999996,2,0.0,14.124999999999996,2,0.0,14.124999999999996,2,0.0,14.124999999999996,2,0.0,14.124999999999996,2,0.0,14.124999999999996,2,0.0,14.124999999999996,2,0.0,14.124999999999996,2,0.0,14.124999999999996,2,0.0,14.124999999999996
19985557482,108,11786,11,2,0.0,14.124999999999996,2,0.0,14.124999999999996,2,0.0,14.124999999999996,2,0.0,14.124999999999996,2,0.0,14.124999999999996,2,0.0,14.124999999999996,2,0.0,14.124999999999996,2,0.0,14.124999999999996,2,0.0,14.124999999999996,2,0.0,14.124999999999996,2,0.0,14.124999999999996
20188280780,109,11894,11,2,0.0,14.124999999999996,2,0.0,14.124999999999996,2,0.0,14.124999999999996,2,0.0,14.124999999999996,2,0.0,14.124999999999996,2,0.0,14.124999999999996,2,0.0,14.124999999999996,2,0.0,14.124999999999996,2,0.0,14.124999999999996,2,0.0,14.124999999999996,2,0.0,14.124999999999996
20381861451,110,12002,11,2,0.0,14.124999999999996,2,0.0,14.124999999999996,2,0.0,14.124999999999996,2,0.0,14.124999999999996,2,0.0,14.124999999999996,2,0.0,14.124999999999996,2,0.0,14.124999999999996,2,0.0,14.124999999999996,2,0.0,14.124999999999996,2,0.0,14.124999999999996,2,0.0,14.124999999999996
20554047657,111,12110,11,2,0.0,14.124999999999996,2,0.0,14.124999999999996,2,0.0,14.124999999999996,2,0.0,14.124999999999996,2,0.0,14.124999999999996,2,0.0,14.124999999999996,2,0.0,14.124999999999996,2,0.0,14.124999999999996,2,0.0,14.124999999999996,2,0.0,14.124999999999996,2,0.0,14.124999999999996
20744141602,112,12218,11,2,0.0,14.124999999999996,2,0.0,14.124999999999996,2,0.0,14.124999999999996,2,0.0,14.124999999999996,2,0.0,14.124999999999996,2,0.0,14.124999999999996,2,0.0,14.124999999999996,2,0.0,14.124999999999996,2,0.0,14.124999999999996,2,0.0,14.124999999999996,2,0.0,14.124999999999996
20918977241,113,12326,11,2,0.0,14.124999999999996,2,0.0,14.124999999999996,2,0.0,14.124999999999996,2,0.0,14.124999999999996,2,0.0,14.124999999999996,2,0.0,14.124999999999996,2,0.0,14.124999999999996,2,0.0,14.124999999999996,2,0.0,14.124999999999996,2,0.0,14.124999999999996,2,0.0,14.124999999999996
21090528907,114,12434,11,2,0.0,14.124999999999996,2,0.0,14.124999999999996,2,0.0,14.124999999999996,2,0.0,14.124999999999996,2,0.0,14.124999999999996,2,0.0,14.124999999999996,2,0.0,14.124999999999996,2,0.0,14.124999999999996,2,0.0,14.124999999999996,2,0.0,14.124999999999996,2,0.0,14.124999999999996
21263650368,115,12542,11,2,0.0,14.124999999999996,2,0.0,14.124999999999996,2,0.0,14.124999999999996,2,0.0,14.124999999999996,2,0.0,14.124999999999996,2,0.0,14.124999999999996,2,0.0,14.124999999999996,2,0.0,14.124999999999996,2,0.0,14.124999999999996,2,0.0,14.124999999999996,2,0.0,14.124999999999996
21464738677,116,12650,11,2,0.0,14.124999999999996,2,0.0,14.124999999999996,2,0.0,14.124999999999996,2,0.0,14.124999999999996,2,0.0,14.124999999999996,2,0.0,14.124999999999996,2,0.0,14.124999999999996,2,0.0,14.124999999999996,2,0.0,14.124999999999996,2,0.0,14.124999999999996,2,0.0,14.124999999999996
21637164499,117,12758,11,2,0.0,14.124999999999996,2,0.0,14.124999999999996,2,0.0,14.124999999999996,2,0.0,14.124999999999996,2,0.0,14.124999999999996,2,0.0,14.124999999999996,2,0.0,14.124999999999996,2,0.0,14.124999999999996,2,0.0,14.124999999999996,2,0.0,14.124999999999996,2,0.0,14.124999999999996
21810869982,118,12866,11,2,0.0,14.124999999999996,2,0.0,14.124999999999996,2,0.0,14.124999999999996,2,0.0,14.124999999999996,2,0.0,14.124999999999996,2,0.0,14.124999999999996,2,0.0,14.124999999999996,2,0.0,14.124999999999996,2,0.0,14.124999999999996,2,0.0,14.124999999999996,2,0.0,14.124999999999996
21983678098,119,12974,11,2,0.0,14.124999999999996,2,0.0,14.124999999999996,2,0.0,14.124999999999996,2,0.0,14.124999999999996,2,0.0,14.124999999999996,2,0.0,14.124999999999996,2,0.0,14.124999999999996,2,0.0,14.124999999999996,2,0.0,14.124999999999996,2,0.0,14.124999999999996,2,0.0,14.124999999999996
22193673855,120,13082,11,2,0.0,14.124999999999996,2,0.0,14.124999999999996,2,0.0,14.124999999999996,2,0.0,14.124999999999996,2,0.0,14.124999999999996,2,0.0,14.124999999999996,2,0.0,14.124999999999996,2,0.0,14.124999999999996,2,0.0,14.124999999999996,2,0.0,14.124999999999996,2,0.0,14.124999999999996
22366590174,121,13190,11,2,0.0,14.124999999999996,2,0.0,14.124999999999996,2,0.0,14.124999999999996,2,0.0,14.124999999999996,2,0.0,14.124999999999996,2,0.0,14.124999999999996,2,0.0,14.124999999999996,2,0.0,14.124999999999996,2,0.0,14.124999999999996,2,0.0,14.124999999999996,2,0.0,14.124999999999996
22540057747,122,13298,11,2,0.0,14.124999999999996,2,0.0,14.124999999999996,2,0.0,14.124999999999996,2,0.0,14.124999999999996,2,0.0,14.124999999999996,2,0.0,14.124999999999996,2,0.0,14.124999999999996,2,0.0,14.124999999999996,2,0.0,14.124999999999996,2,0.0,14.124999999999996,2,0.0,14.124999999999996
22710172739,123,13406,11,2,0.0,14.124999999999996,2,0.0,14.124999999999996,2,0.0,14.124999999999996,2,0.0,14.124999999999996,2,0.0,14.124999999999996,2,0.0,14.124999999999996,2,0.0,14.124999999999996,2,0.0,14.124999999999996,2,0.0,14.124999999999996,2,0.0,14.124999999999996,2,0.0,14.124999999999996
22898687333,124,13514,11,2,0.0,14.124999999999996,2,0.0,14.124999999999996,2,0.0,14.124999999999996,2,0.0,14.124999999999996,2,0.0,14.124999999999996,2,0.0,14.124999999999996,2,0.0,14.124999999999996,2,0.0,14.124999999999996,2,0.0,14.124999999999996,2,0.0,14.124999999999996,2,0.0,14.124999999999996
23096807744,125,13622,11,2,0.0,14.124999999999996,2,0.0,14.124999999999996,2,0.0,14.124999999999996,2,0.0,14.124999999999996,2,0.0,14.124999999999996,2,0.0,14.124999999999996,2,0.0,14.124999999999996,2,0.0,14.124999999999996,2,0.0,14.124999999999996,2,0.0,14.124999999999996,2,0.0,14.124999999999996
23290954005,126,13730,11,2,0.0,14.124999999999996,2,0.0,14.124999999999996,2,0.0,14.124999999999996,2,0.0,14.124999999999996,2,0.0,14.124999999999996,2,0.0,14.124999999999996,2,0.0,14.124999999999996,2,0.0,14.124999999999996,2,0.0,14.124999999999996,2,0.0,14.124999999999996,2,0.0,14.124999999999996
23463413960,127,13838,11,2,0.0,14.124999999999996,2,0.0,14.124999999999996,2,0.0,14.124999999999996,2,0.0,14.124999999999996,2,0.0,14.124999999999996,2,0.0,14.124999999999996,2,0.0,14.124999999999996,2,0.0,14.124999999999996,2,0.0,14.124999999999996,2,0.0,14.124999999999996,2,0.0,14.124999999999996
23697402757,128,13946,11,2,0.0,14.124999999999996,2,0.0,14.124999999999996,2,0.0,14.124999999999996,2,0.0,14.124999999999996,2,0.0,14.124999999999996,2,0.0,14.124999999999996,2,0.0,14.124999999999996,2,0.0,14.124999999999996,2,0.0,14.124999999999996,2,0.0,14.124999999999996,2,0.0,14.124999999999996
23872135996,129,14054,11,2,0.0,14.124999999999996,2,0.0,14.124999999999996,2,0.0,14.124999999999996,2,0.0,14.124999999999996,2,0.0,14.124999999999996,2,0.0,14.124999999999996,2,0.0,14.124999999999996,2,0.0,14.124999999999996,2,0.0,14.124999999999996,2,0.0,14.124999999999996,2,0.0,14.124999999999996
24045537692,130,14162,11,2,0.0,14.124999999999996,2,0.0,14.124999999999996,2,0.0,14.124999999999996,2,0.0,14.124999999999996,2,0.0,14.124999999999996,2,0.0,14.124999999999996,2,0.0,14.124999999999996,2,0.0,14.124999999999996,2,0.0,14.124999999999996,2,0.0,14.124999999999996,2,0.0,14.124999999999996
24218673488,131,14270,11,2,0.0,14.124999999999996,2,0.0,14.124999999999996,2,0.0,14.124999999999996,2,0.0,14.124999999999996,2,0.0,14.124999999999996,2,0.0,14.124999999999996,2,0.0,14.124999999999996,2,0.0,14.124999999999996,2,0.0,14.124999999999996,2,0.0,14.124999999999996,2,0.0,14.124999999999996
24388745813,132,14378,11,2,0.0,14.124999999999996,2,0.0,14.124999999999996,2,0.0,14.124999999999996,2,0.0,14.124999999999996,2,0.0,14.124999999999996,2,0.0,14.124999999999996,2,0.0,14.124999999999996,2,0.0,14.124999999999996,2,0.0,14.124999999999996,2,0.0,14.124999999999996,2,0.0,14.124999999999996
24562278581,133,14486,11,2,0.0,14.124999999999996,2,0.0,14.124999999999996,2,0.0,14.124999999999996,2,0.0,14.124999999999996,2,0.0,14.124999999999996,2,0.0,14.124999999999996,2,0.0,14.124999999999996,2,0.0,14.124999999999996,2,0.0,14.124999999999996,2,0.0,14.124999999999996,2,0.0,14.124999999999996
24763046719,134,14594,11,2,0.0,14.124999999999996,2,0.0,14.124999999999996,2,0.0,14.124999999999996,2,0.0,14.124999999999996,2,0.0,14.124999999999996,2,0.0,14.124999999999996,2,0.0,14.124999999999996,2,0.0,14.124999999999996,2,0.0,14.124999999999996,2,0.0,14.124999999999996,2,0.0,14.124999999999996
25111850668,135,14702,11,2,0.0,14.124999999999996,2,0.0,14.124999999999996,2,0.0,14.124999999999996,2,0.0,14.124999999999996,2,0.0,14.124999999999996,2,0.0,14.124999999999996,2,0.0,14.124999999999996,2,0.0,14.124999999999996,2,0.0,14.124999999999996,2,0.0,14.124999999999996,2,0.0,14.124999999999996
25281874524,136,14810,11,2,0.0,14.124999999999996,2,0.0,14.124999999999996,2,0.0,14.124999999999996,2,0.0,14.124999999999996,2,0.0,14.124999999999996,2,0.0,14.124999999999996,2,0.0,14.124999999999996,2,0.0,14.124999999999996,2,0.0,14.124999999999996,2,0.0,14.124999999999996,2,0.0,14.124999999999996
25472965847,137,14918,11,2,0.0,14.124999999999996,2,0.0,14.124999999999996,2,0.0,14.124999999999996,2,0.0,14.124999999999996,2,0.0,14.124999999999996,2,0.0,14.124999999999996,2,0.0,14.124999999999996,2,0.0,14.124999999999996,2,0.0,14.124999999999996,2,0.0,14.124999999999996,2,0.0,14.124999999999996
25668185603,138,15026,11,2,0.0,14.124999999999996,2,0.0,14.124999999999996,2,0.0,14.124999999999996,2,0.0,14.124999999999996,2,0.0,14.124999999999996,2,0.0,14.124999999999996,2,0.0,14.124999999999996,2,0.0,14.124999999999996,2,0.0,14.124999999999996,2,0.0,14.124999999999996,2,0.0,14.124999999999996
25864846470,139,15134,11,2,0.0,14.124999999999996,2,0.0,14.124999999999996,2,0.0,14.124999999999996,2,0.0,14.124999999999996,2,0.0,14.124999999999996,2,0.0,14.124999999999996,2,0.0,14.124999999999996,2,0.0,14.124999999999996,2,0.0,14.124999999999996,2,0.0,14.124999999999996,2,0.0,14.124999999999996
26065151759,140,15242,11,2,0.0,14.124999999999996,2,0.0,14.124999999999996,2,0.0,14.124999999999996,2,0.0,14.124999999999996,2,0.0,14.124999999999996,2,0.0,14.124999999999996,2,0.0,14.124999999999996,2,0.0,14.124999999999996,2,0.0,14.124999999999996,2,0.0,14.124999999999996,2,0.0,14.124999999999996
26236478828,141,15350,11,2,0.0,14.124999999999996,2,0.0,14.124999999999996,2,0.0,14.124999999999996,2,0.0,14.124999999999996,2,0.0,14.124999999999996,2,0.0,14.124999999999996,2,0.0,14.124999999999996,2,0.0,14.124999999999996,2,0.0,14.124999999999996,2,0.0,14.124999999999996,2,0.0,14.124999999999996
26408847988,142,15458,11,2,0.0,14.124999999999996,2,0.0,14.124999999999996,2,0.0,14.124999999999996,2,0.0,14.124999999999996,2,0.0,14.124999999999996,2,0.0,14.124999999999996,2,0.0,14.124999999999996,2,0.0,14.124999999999996,2,0.0,14.124999999999996,2,0.0,14.124999999999996,2,0.0,14.124999999999996
26582075604,143,15566,11,2,0.0,14.124999999999996,2,0.0,14.124999999999996,2,0.0,14.124999999999996,2,0.0,14.124999999999996,2,0.0,14.124999999999996,2,0.0,14.124999999999996,2,0.0,14.124999999999996,2,0.0,14.124999999999996,2,0.0,14.124999999999996,2,0.0,14.124999999999996,2,0.0,14.124999999999996
26773975205,144,15674,11,2,0.0,14.124999999999996,2,0.0,14.124999999999996,2,0.0,14.124999999999996,2,0.0,14.124999999999996,2,0.0,14.124999999999996,2,0.0,14.124999999999996,2,0.0,14.124999999999996,2,0.0,14.124999999999996,2,0.0,14.124999999999996,2,0.0,14.124999999999996,2,0.0,14.124999999999996
26947736325,145,15782,11,2,0.0,14.124999999999996,2,0.0,14.124999999999996,2,0.0,14.124999999999996,2,0.0,14.124999999999996,2,0.0,14.124999999999996,2,0.0,14.124999999999996,2,0.0,14.124999999999996,2,0.0,14.124999999999996,2,0.0,14.124999999999996,2,0.0,14.124999999999996,2,0.0,14.124999999999996
27140718979,146,15890,11,2,0.0,14.124999999999996,2,0.0,14.124999999999996,2,0.0,14.124999999999996,2,0.0,14.124999999999996,2,0.0,14.124999999999996,2,0.0,14.124999999999996,2,0.0,14.124999999999996,2,0.0,14.124999999999996,2,0.0,14.124999999999996,2,0.0,14.124999999999996,2,0.0,14.124999999999996
27327841955,147,15998,11,2,0.0,14.124999999999996,2,0.0,14.124999999999996,2,0.0,14.124999999999996,2,0.0,14.124999999999996,2,0.0,14.124999999999996,2,0.0,14.124999999999996,2,0.0,14.124999999999996,2,0.0,14.124999999999996,2,0.0,14.124999999999996,2,0.0,14.124999999999996,2,0.0,14.124999999999996
27504833800,148,16106,11,2,0.0,14.124999999999996,2,0.0,14.124999999999996,2,0.0,14.124999999999996,2,0.0,14.124999999999996,2,0.0,14.124999999999996,2,0.0,14.124999999999996,2,0.0,14.124999999999996,2,0.0,14.124999999999996,2,0.0,14.124999999999996,2,0.0,14.124999999999996,2,0.0,14.124999999999996
27744411938,149,16214,11,2,0.0,14.124999999999996,2,0.0,14.124999999999996,2,0.0,14.124999999999996,2,0.0,14.124999999999996,2,0.0,14.124999999999996,2,0.0,14.124999999999996,2,0.0,14.124999999999996,2,0.0,14.124999999999996,2,0.0,14.124999999999996,2,0.0,14.124999999999996,2,0.0,14.124999999999996
27916780416,150,16322,11,2,0.0,14.124999999999996,2,0.0,14.124999999999996,2,0.0,14.124999999999996,2,0.0,14.124999999999996,2,0.0,14.124999999999996,2,0.0,14.124999999999996,2,0.0,14.124999999999996,2,0.0,14.124999999999996,2,0.0,14.124999999999996,2,0.0,14.124999999999996,2,0.0,14.124999999999996
28090442209,151,16430,11,2,0.0,14.124999999999996,2,0.0,14.124999999999996,2,0.0,14.124999999999996,2,0.0,14.124999999999996,2,0.0,14.124999999999996,2,0.0,14.124999999999996,2,0.0,14.124999999999996,2,0.0,14.124999999999996,2,0.0,14.124999999999996,2,0.0,14.124999999999996,2,0.0,14.124999999999996
28271181900,152,16538,11,2,0.0,14.124999999999996,2,0.0,14.124999999999996,2,0.0,14.124999999999996,2,0.0,14.124999999999996,2,0.0,14.124999999999996,2,0.0,14.124999999999996,2,0.0,14.124999999999996,2,0.0,14.124999999999996,2,0.0,14.124999999999996,2,0.0,14.124999999999996,2,0.0,14.124999999999996
28444597249,153,16646,11,2,0.0,14.124999999999996,2,0.0,14.124999999999996,2,0.0,14.124999999999996,2,0.0,14.124999999999996,2,0.0,14.124999999999996,2,0.0,14.124999999999996,2,0.0,14.124999999999996,2,0.0,14.124999999999996,2,0.0,14.124999999999996,2,0.0,14.124999999999996,2,0.0,14.124999999999996
28645592715,154,16754,11,2,0.0,14.124999999999996,2,0.0,14.124999999999996,2,0.0,14.124999999999996,2,0.0,14.124999999999996,2,0.0,14.124999999999996,2,0.0,14.124999999999996,2,0.0,14.124999999999996,2,0.0,14.124999999999996,2,0.0,14.124999999999996,2,0.0,14.124999999999996,2,0.0,14.124999999999996
28845245032,155,16862,11,2,0.0,14.124999999999996,2,0.0,14.124999999999996,2,0.0,14.124999999999996,2,0.0,14.124999999999996,2,0.0,14.124999999999996,2,0.0,14.124999999999996,2,0.0,14.124999999999996,2,0.0,14.124999999999996,2,0.0,14.124999999999996,2,0.0,14.124999999999996,2,0.0,14.124999999999996
29228627466,156,16970,11,2,0.0,14.124999999999996,2,0.0,14.124999999999996,2,0.0,14.124999999999996,2,0.0,14.124999999999996,2,0.0,14.124999999999996,2,0.0,14.124999999999996,2,0.0,14.124999999999996,2,0.0,14.124999999999996,2,0.0,14.124999999999996,2,0.0,14.124999999999996,2,0.0,14.124999999999996
29400251154,157,17078,11,2,0.0,14.124999999999996,2,0.0,14.124999999999996,2,0.0,14.124999999999996,2,0.0,14.124999999999996,2,0.0,14.124999999999996,2,0.0,14.124999999999996,2,0.0,14.124999999999996,2,0.0,14.124999999999996,2,0.0,14.124999999999996,2,0.0,14.124999999999996,2,0.0,14.124999999999996
29572658885,158,17186,11,2,0.0,14.124999999999996,2,0.0,14.124999999999996,2,0.0,14.124999999999996,2,0.0,14.124999999999996,2,0.0,14.124999999999996,2,0.0,14.124999999999996,2,0.0,14.124999999999996,2,0.0,14.124999999999996,2,0.0,14.124999999999996,2,0.0,14.124999999999996,2,0.0,14.124999999999996
29745959546,159,17294,11,2,0.0,14.124999999999996,2,0.0,14.124999999999996,2,0.0,14.124999999999996,2,0.0,14.124999999999996,2,0.0,14.124999999999996,2,0.0,14.124999999999996,2,0.0,14.124999999999996,2,0.0,14.124999999999996,2,0.0,14.124999999999996,2,0.0,14.124999999999996,2,0.0,14.124999999999996
29918278189,160,17402,11,2,0.0,14.124999999999996,2,0.0,14.124999999999996,2,0.0,14.124999999999996,2,0.0,14.124999999999996,2,0.0,14.124999999999996,2,0.0,14.124999999999996,2,0.0,14.124999999999996,2,0.0,14.124999999999996,2,0.0,14.124999999999996,2,0.0,14.124999999999996,2,0.0,14.124999999999996
30116632755,161,17510,11,2,0.0,14.124999999999996,2,0.0,14.124999999999996,2,0.0,14.124999999999996,2,0.0,14.124999999999996,2,0.0,14.124999999999996,2,0.0,14.124999999999996,2,0.0,14.124999999999996,2,0.0,14.124999999999996,2,0.0,14.124999999999996,2,0.0,14.124999999999996,2,0.0,14.124999999999996
30302203344,162,17618,11,2,0.0,14.124999999999996,2,0.0,14.124999999999996,2,0.0,14.124999999999996,2,0.0,14.124999999999996,2,0.0,14.124999999999996,2,0.0,14.124999999999996,2,0.0,14.124999999999996,2,0.0,14.124999999999996,2,0.0,14.124999999999996,2,0.0,14.124999999999996,2,0.0,14.124999999999996
30474382724,163,17726,11,2,0.0,14.124999999999996,2,0.0,14.124999999999996,2,0.0,14.124999999999996,2,0.0,14.124999999999996,2,0.0,14.124999999999996,2,0.0,14.124999999999996,2,0.0,14.124999999999996,2,0.0,14.124999999999996,2,0.0,14.124999999999996,2,0.0,14.124999999999996,2,0.0,14.124999999999996
30646285622,164,17834,11,2,0.0,14.124999999999996,2,0.0,14.124999999999996,2,0.0,14.124999999999996,2,0.0,14.124999999999996,2,0.0,14.124999999999996,2,0.0,14.124999999999996,2,0.0,14.124999999999996,2,0.0,14.124999999999996,2,0.0,14.124999999999996,2,0.0,14.124999999999996,2,0.0,14.124999999999996
30820658072,165,17942,11,2,0.0,14.124999999999996,2,0.0,14.124999999999996,2,0.0,14.124999999999996,2,0.0,14.124999999999996,2,0.0,14.124999999999996,2,0.0,14.124999999999996,2,0.0,14.124999999999996,2,0.0,14.124999999999996,2,0.0,14.124999999999996,2,0.0,14.124999999999996,2,0.0,14.124999999999996
31008306701,166,18050,11,2,0.0,14.124999999999996,2,0.0,14.124999999999996,2,0.0,14.124999999999996,2,0.0,14.124999999999996,2,0.0,14.124999999999996,2,0.0,14.124999999999996,2,0.0,14.124999999999996,2,0.0,14.124999999999996,2,0.0,14.124999999999996,2,0.0,14.124999999999996,2,0.0,14.124999999999996
31204625211,167,18158,11,2,0.0,14.124999999999996,2,0.0,14.124999999999996,2,0.0,14.124999999999996,2,0.0,14.124999999999996,2,0.0,14.124999999999996,2,0.0,14.124999999999996,2,0.0,14.124999999999996,2,0.0,14.124999999999996,2,0.0,14.124999999999996,2,0.0,14.124999999999996,2,0.0,14.124999999999996
31375981634,168,18266,11,2,0.0,14.124999999999996,2,0.0,14.124999999999996,2,0.0,14.124999999999996,2,0.0,14.124999999999996,2,0.0,14.124999999999996,2,0.0,14.124999999999996,2,0.0,14.124999999999996,2,0.0,14.124999999999996,2,0.0,14.124999999999996,2,0.0,14.124999999999996,2,0.0,14.124999999999996
31549879629,169,18374,11,2,0.0,14.124999999999996,2,0.0,14.124999999999996,2,0.0,14.124999999999996,2,0.0,14.124999999999996,2,0.0,14.124999999999996,2,0.0,14.124999999999996,2,0.0,14.124999999999996,2,0.0,14.124999999999996,2,0.0,14.124999999999996,2,0.0,14.124999999999996,2,0.0,14.124999999999996
32063502434,170,18482,11,2,0.0,14.124999999999996,2,0.0,14.124999999999996,2,0.0,14.124999999999996,2,0.0,14.124999999999996,2,0.0,14.124999999999996,2,0.0,14.124999999999996,2,0.0,14.124999999999996,2,0.0,14.124999999999996,2,0.0,14.124999999999996,2,0.0,14.124999999999996,2,0.0,14.124999999999996
32237504536,171,18590,11,2,0.0,14.124999999999996,2,0.0,14.124999999999996,2,0.0,14.124999999999996,2,0.0,14.124999999999996,2,0.0,14.124999999999996,2,0.0,14.124999999999996,2,0.0,14.124999999999996,2,0.0,14.124999999999996,2,0.0,14.124999999999996,2,0.0,14.124999999999996,2,0.0,14.124999999999996
32408351006,172,18698,11,2,0.0,14.124999999999996,2,0.0,14.124999999999996,2,0.0,14.124999999999996,2,0.0,14.124999999999996,2,0.0,14.124999999999996,2,0.0,14.124999999999996,2,0.0,14.124999999999996,2,0.0,14.124999999999996,2,0.0,14.124999999999996,2,0.0,14.124999999999996,2,0.0,14.124999999999996
32601526172,173,18806,11,2,0.0,14.124999999999996,2,0.0,14.124999999999996,2,0.0,14.124999999999996,2,0.0,14.124999999999996,2,0.0,14.124999999999996,2,0.0,14.124999999999996,2,0.0,14.124999999999996,2,0.0,14.124999999999996,2,0.0,14.124999999999996,2,0.0,14.124999999999996,2,0.0,14.124999999999996
32818124692,174,18914,11,2,0.0,14.124999999999996,2,0.0,14.124999999999996,2,0.0,14.124999999999996,2,0.0,14.124999999999996,2,0.0,14.124999999999996,2,0.0,14.124999999999996,2,0.0,14.124999999999996,2,0.0,14.124999999999996,2,0.0,14.124999999999996,2,0.0,14.124999999999996,2,0.0,14.124999999999996
32991366302,175,19022,11,2,0.0,14.124999999999996,2,0.0,14.124999999999996,2,0.0,14.124999999999996,2,0.0,14.124999999999996,2,0.0,14.124999999999996,2,0.0,14.124999999999996,2,0.0,14.124999999999996,2,0.0,14.124999999999996,2,0.0,14.124999999999996,2,0.0,14.124999999999996,2,0.0,14.124999999999996
33459290306,176,19130,11,2,0.0,14.124999999999996,2,0.0,14.124999999999996,2,0.0,14.124999999999996,2,0.0,14.124999999999996,2,0.0,14.124999999999996,2,0.0,14.124999999999996,2,0.0,14.124999999999996,2,0.0,14.124999999999996,2,0.0,14.124999999999996,2,0.0,14.124999999999996,2,0.0,14.124999999999996
33629944947,177,19238,11,2,0.0,14.124999999999996,2,0.0,14.124999999999996,2,0.0,14.124999999999996,2,0.0,14.124999999999996,2,0.0,14.124999999999996,2,0.0,14.124999999999996,2,0.0,14.124999999999996,2,0.0,14.124999999999996,2,0.0,14.124999999999996,2,0.0,14.124999999999996,2,0.0,14.124999999999996
33802576593,178,19346,11,2,0.0,14.124999999999996,2,0.0,14.124999999999996,2,0.0,14.124999999999996,2,0.0,14.124999999999996,2,0.0,14.124999999999996,2,0.0,14.124999999999996,2,0.0,14.124999999999996,2,0.0,14.124999999999996,2,0.0,14.124999999999996,2,0.0,14.124999999999996,2,0.0,14.124999999999996
33976360924,179,19454,11,2,0.0,14.124999999999996,2,0.0,14.124999999999996,2,0.0,14.124999999999996,2,0.0,14.124999999999996,2,0.0,14.124999999999996,2,0.0,14.124999999999996,2,0.0,14.124999999999996,2,0.0,14.124999999999996,2,0.0,14.124999999999996,2,0.0,14.124999999999996,2,0.0,14.124999999999996
34149373499,180,19562,11,2,0.0,14.124999999999996,2,0.0,14.124999999999996,2,0.0,14.124999999999996,2,0.0,14.124999999999996,2,0.0,14.124999999999996,2,0.0,14.124999999999996,2,0.0,14.124999999999996,2,0.0,14.124999999999996,2,0.0,14.124999999999996,2,0.0,14.124999999999996,2,0.0,14.124999999999996
34320039404,181,19670,11,2,0.0,14.124999999999996,2,0.0,14.124999999999996,2,0.0,14.124999999999996,2,0.0,14.124999999999996,2,0.0,14.124999999999996,2,0.0,14.124999999999996,2,0.0,14.124999999999996,2,0.0,14.124999999999996,2,0.0,14.124999999999996,2,0.0,14.124999999999996,2,0.0,14.124999999999996
34601223750,182,19778,11,2,0.0,14.124999999999996,2,0.0,14.124999999999996,2,0.0,14.124999999999996,2,0.0,14.124999999999996,2,0.0,14.124999999999996,2,0.0,14.124999999999996,2,0.0,14.124999999999996,2,0.0,14.124999999999996,2,0.0,14.124999999999996,2,0.0,14.124999999999996,2,0.0,14.124999999999996
34790835732,183,19886,11,2,0.0,14.124999999999996,2,0.0,14.124999999999996,2,0.0,14.124999999999996,2,0.0,14.124999999999996,2,0.0,14.124999999999996,2,0.0,14.124999999999996,2,0.0,14.124999999999996,2,0.0,14.124999999999996,2,0.0,14.124999999999996,2,0.0,14.124999999999996,2,0.0,14.124999999999996
34964743967,184,19994,11,2,0.0,14.124999999999996,2,0.0,14.124999999999996,2,0.0,14.124999999999996,2,0.0,14.124999999999996,2,0.0,14.124999999999996,2,0.0,14.124999999999996,2,0.0,14.124999999999996,2,0.0,14.124999999999996,2,0.0,14.124999999999996,2,0.0,14.124999999999996,2,0.0,14.124999999999996
35138219733,185,20102,11,2,0.0,14.124999999999996,2,0.0,14.124999999999996,2,0.0,14.124999999999996,2,0.0,14.124999999999996,2,0.0,14.124999999999996,2,0.0,14.124999999999996,2,0.0,14.124999999999996,2,0.0,14.124999999999996,2,0.0,14.124999999999996,2,0.0,14.124999999999996,2,0.0,14.124999999999996
35309268273,186,20210,11,2,0.0,14.124999999999996,2,0.0,14.124999999999996,2,0.0,14.124999999999996,2,0.0,14.124999999999996,2,0.0,14.124999999999996,2,0.0,14.124999999999996,2,0.0,14.124999999999996,2,0.0,14.124999999999996,2,0.0,14.124999999999996,2,0.0,14.124999999999996,2,0.0,14.124999999999996
35481142499,187,20318,11,2,0.0,14.124999999999996,2,0.0,14.124999999999996,2,0.0,14.124999999999996,2,0.0,14.124999999999996,2,0.0,14.124999999999996,2,0.0,14.124999999999996,2,0.0,14.124999999999996,2,0.0,14.124999999999996,2,0.0,14.124999999999996,2,0.0,14.124999999999996,2,0.0,14.124999999999996
35651428500,188,20426,11,2,0.0,14.124999999999996,2,0.0,14.124999999999996,2,0.0,14.124999999999996,2,0.0,14.124999999999996,2,0.0,14.124999999999996,2,0.0,14.124999999999996,2,0.0,14.124999999999996,2,0.0,14.124999999999996,2,0.0,14.124999999999996,2,0.0,14.124999999999996,2,0.0,14.124999999999996
36054651647,189,20534,11,2,0.0,14.124999999999996,2,0.0,14.124999999999996,2,0.0,14.124999999999996,2,0.0,14.124999999999996,2,0.0,14.124999999999996,2,0.0,14.124999999999996,2,0.0,14.124999999999996,2,0.0,14.124999999999996,2,0.0,14.124999999999996,2,0.0,14.124999999999996,2,0.0,14.124999999999996
36227105117,190,20642,11,2,0.0,14.124999999999996,2,0.0,14.124999999999996,2,0.0,14.124999999999996,2,0.0,14.124999999999996,2,0.0,14.124999999999996,2,0.0,14.124999999999996,2,0.0,14.124999999999996,2,0.0,14.124999999999996,2,0.0,14.124999999999996,2,0.0,14.124999999999996,2,0.0,14.124999999999996
36400554258,191,20750,11,2,0.0,14.124999999999996,2,0.0,14.124999999999996,2,0.0,14.124999999999996,2,0.0,14.124999999999996,2,0.0,14.124999999999996,2,0.0,14.124999999999996,2,0.0,14.124999999999996,2,0.0,14.124999999999996,2,0.0,14.124999999999996,2,0.0,14.124999999999996,2,0.0,14.124999999999996
36599812676,192,20858,11,2,0.0,14.124999999999996,2,0.0,14.124999999999996,2,0.0,14.124999999999996,2,0.0,14.124999999999996,2,0.0,14.124999999999996,2,0.0,14.124999999999996,2,0.0,14.124999999999996,2,0.0,14.124999999999996,2,0.0,14.124999999999996,2,0.0,14.124999999999996,2,0.0,14.124999999999996
36796149277,193,20966,11,2,0.0,14.124999999999996,2,0.0,14.124999999999996,2,0.0,14.124999999999996,2,0.0,14.124999999999996,2,0.0,14.124999999999996,2,0.0,14.124999999999996,2,0.0,14.124999999999996,2,0.0,14.124999999999996,2,0.0,14.124999999999996,2,0.0,14.124999999999996,2,0.0,14.124999999999996
36967572601,194,21074,11,2,0.0,14.124999999999996,2,0.0,14.124999999999996,2,0.0,14.124999999999996,2,0.0,14.124999999999996,2,0.0,14.124999999999996,2,0.0,14.124999999999996,2,0.0,14.124999999999996,2,0.0,14.124999999999996,2,0.0,14.124999999999996,2,0.0,14.124999999999996,2,0.0,14.124999999999996
37141634778,195,21182,11,2,0.0,14.124999999999996,2,0.0,14.124999999999996,2,0.0,14.124999999999996,2,0.0,14.124999999999996,2,0.0,14.124999999999996,2,0.0,14.124999999999996,2,0.0,14.124999999999996,2,0.0,14.124999999999996,2,0.0,14.124999999999996,2,0.0,14.124999999999996,2,0.0,14.124999999999996
37336303962,196,21290,11,2,0.0,14.124999999999996,2,0.0,14.124999999999996,2,0.0,14.124999999999996,2,0.0,14.124999999999996,2,0.0,14.124999999999996,2,0.0,14.124999999999996,2,0.0,14.124999999999996,2,0.0,14.124999999999996,2,0.0,14.124999999999996,2,0.0,14.124999999999996,2,0.0,14.124999999999996
37535516983,197,21398,11,2,0.0,14.124999999999996,2,0.0,14.124999999999996,2,0.0,14.124999999999996,2,0.0,14.124999999999996,2,0.0,14.124999999999996,2,0.0,14.124999999999996,2,0.0,14.124999999999996,2,0.0,14.124999999999996,2,0.0,14.124999999999996,2,0.0,14.124999999999996,2,0.0,14.124999999999996
37734987028,198,21506,11,2,0.0,14.124999999999996,2,0.0,14.124999999999996,2,0.0,14.124999999999996,2,0.0,14.124999999999996,2,0.0,14.124999999999996,2,0.0,14.124999999999996,2,0.0,14.124999999999996,2,0.0,14.124999999999996,2,0.0,14.124999999999996,2,0.0,14.124999999999996,2,0.0,14.124999999999996
37904699587,199,21614,11,2,0.0,14.124999999999996,2,0.0,14.124999999999996,2,0.0,14.124999999999996,2,0.0,14.124999999999996,2,0.0,14.124999999999996,2,0.0,14.124999999999996,2,0.0,14.124999999999996,2,0.0,14.124999999999996,2,0.0,14.124999999999996,2,0.0,14.124999999999996,2,0.0,14.124999999999996
38078148728,200,21722,11,2,0.0,14.124999999999996,2,0.0,14.124999999999996,2,0.0,14.124999999999996,2,0.0,14.124999999999996,2,0.0,14.124999999999996,2,0.0,14.124999999999996,2,0.0,14.124999999999996,2,0.0,14.124999999999996,2,0.0,14.124999999999996,2,0.0,14.124999999999996,2,0.0,14.124999999999996
38276971604,201,21830,11,2,0.0,14.124999999999996,2,0.0,14.124999999999996,2,0.0,14.124999999999996,2,0.0,14.124999999999996,2,0.0,14.124999999999996,2,0.0,14.124999999999996,2,0.0,14.124999999999996,2,0.0,14.124999999999996,2,0.0,14.124999999999996,2,0.0,14.124999999999996,2,0.0,14.124999999999996
38449143133,202,21938,11,2,0.0,14.124999999999996,2,0.0,14.124999999999996,2,0.0,14.124999999999996,2,0.0,14.124999999999996,2,0.0,14.124999999999996,2,0.0,14.124999999999996,2,0.0,14.124999999999996,2,0.0,14.124999999999996,2,0.0,14.124999999999996,2,0.0,14.124999999999996,2,0.0,14.124999999999996
38623255144,203,22046,11,2,0.0,14.124999999999996,2,0.0,14.124999999999996,2,0.0,14.124999999999996,2,0.0,14.124999999999996,2,0.0,14.124999999999996,2,0.0,14.124999999999996,2,0.0,14.124999999999996,2,0.0,14.124999999999996,2,0.0,14.124999999999996,2,0.0,14.124999999999996,2,0.0,14.124999999999996
38815806011,204,22154,11,2,0.0,14.124999999999996,2,0.0,14.124999999999996,2,0.0,14.124999999999996,2,0.0,14.124999999999996,2,0.0,14.124999999999996,2,0.0,14.124999999999996,2,0.0,14.124999999999996,2,0.0,14.124999999999996,2,0.0,14.124999999999996,2,0.0,14.124999999999996,2,0.0,14.124999999999996
38986147307,205,22262,11,2,0.0,14.124999999999996,2,0.0,14.124999999999996,2,0.0,14.124999999999996,2,0.0,14.124999999999996,2,0.0,14.124999999999996,2,0.0,14.124999999999996,2,0.0,14.124999999999996,2,0.0,14.124999999999996,2,0.0,14.124999999999996,2,0.0,14.124999999999996,2,0.0,14.124999999999996
39178708755,206,22370,11,2,0.0,14.124999999999996,2,0.0,14.124999999999996,2,0.0,14.124999999999996,2,0.0,14.124999999999996,2,0.0,14.124999999999996,2,0.0,14.124999999999996,2,0.0,14.124999999999996,2,0.0,14.124999999999996,2,0.0,14.124999999999996,2,0.0,14.124999999999996,2,0.0,14.124999999999996
39380034632,207,22478,11,2,0.0,14.124999999999996,2,0.0,14.124999999999996,2,0.0,14.124999999999996,2,0.0,14.124999999999996,2,0.0,14.124999999999996,2,0.0,14.124999999999996,2,0.0,14.124999999999996,2,0.0,14.124999999999996,2,0.0,14.124999999999996,2,0.0,14.124999999999996,2,0.0,14.124999999999996
39571541700,208,22586,11,2,0.0,14.124999999999996,2,0.0,14.124999999999996,2,0.0,14.124999999999996,2,0.0,14.124999999999996,2,0.0,14.124999999999996,2,0.0,14.124999999999996,2,0.0,14.124999999999996,2,0.0,14.124999999999996,2,0.0,14.124999999999996,2,0.0,14.124999999999996,2,0.0,14.124999999999996
39761981416,209,22694,11,2,0.0,14.124999999999996,2,0.0,14.124999999999996,2,0.0,14.124999999999996,2,0.0,14.124999999999996,2,0.0,14.124999999999996,2,0.0,14.124999999999996,2,0.0,14.124999999999996,2,0.0,14.124999999999996,2,0.0,14.124999999999996,2,0.0,14.124999999999996,2,0.0,14.124999999999996
39953687823,210,22802,11,2,0.0,14.124999999999996,2,0.0,14.124999999999996,2,0.0,14.124999999999996,2,0.0,14.124999999999996,2,0.0,14.124999999999996,2,0.0,14.124999999999996,2,0.0,14.124999999999996,2,0.0,14.124999999999996,2,0.0,14.124999999999996,2,0.0,14.124999999999996,2,0.0,14.124999999999996
40126816110,211,22910,11,2,0.0,14.124999999999996,2,0.0,14.124999999999996,2,0.0,14.124999999999996,2,0.0,14.124999999999996,2,0.0,14.124999999999996,2,0.0,14.124999999999996,2,0.0,14.124999999999996,2,0.0,14.124999999999996,2,0.0,14.124999999999996,2,0.0,14.124999999999996,2,0.0,14.124999999999996
40297575540,212,23018,11,2,0.0,14.124999999999996,2,0.0,14.124999999999996,2,0.0,14.124999999999996,2,0.0,14.124999999999996,2,0.0,14.124999999999996,2,0.0,14.124999999999996,2,0.0,14.124999999999996,2,0.0,14.124999999999996,2,0.0,14.124999999999996,2,0.0,14.124999999999996,2,0.0,14.124999999999996
40470530771,213,23126,11,2,0.0,14.124999999999996,2,0.0,14.124999999999996,2,0.0,14.124999999999996,2,0.0,14.124999999999996,2,0.0,14.124999999999996,2,0.0,14.124999999999996,2,0.0,14.124999999999996,2,0.0,14.124999999999996,2,0.0,14.124999999999996,2,0.0,14.124999999999996,2,0.0,14.124999999999996
40643269596,214,23234,11,2,0.0,14.124999999999996,2,0.0,14.124999999999996,2,0.0,14.124999999999996,2,0.0,14.124999999999996,2,0.0,14.124999999999996,2,0.0,14.124999999999996,2,0.0,14.124999999999996,2,0.0,14.124999999999996,2,0.0,14.124999999999996,2,0.0,14.124999999999996,2,0.0,14.124999999999996
40816797244,215,23342,11,2,0.0,14.124999999999996,2,0.0,14.124999999999996,2,0.0,14.124999999999996,2,0.0,14.124999999999996,2,0.0,14.124999999999996,2,0.0,14.124999999999996,2,0.0,14.124999999999996,2,0.0,14.124999999999996,2,0.0,14.124999999999996,2,0.0,14.124999999999996,2,0.0,14.124999999999996
40986686956,216,23450,11,2,0.0,14.124999999999996,2,0.0,14.124999999999996,2,0.0,14.124999999999996,2,0.0,14.124999999999996,2,0.0,14.124999999999996,2,0.0,14.124999999999996,2,0.0,14.124999999999996,2,0.0,14.124999999999996,2,0.0,14.124999999999996,2,0.0,14.124999999999996,2,0.0,14.124999999999996
41159693728,217,23558,11,2,0.0,14.124999999999996,2,0.0,14.124999999999996,2,0.0,14.124999999999996,2,0.0,14.124999999999996,2,0.0,14.124999999999996,2,0.0,14.124999999999996,2,0.0,14.124999999999996,2,0.0,14.124999999999996,2,0.0,14.124999999999996,2,0.0,14.124999999999996,2,0.0,14.124999999999996
41332281684,218,23666,11,2,0.0,14.124999999999996,2,0.0,14.124999999999996,2,0.0,14.124999999999996,2,0.0,14.124999999999996,2,0.0,14.124999999999996,2,0.0,14.124999999999996,2,0.0,14.124999999999996,2,0.0,14.124999999999996,2,0.0,14.124999999999996,2,0.0,14.124999999999996,2,0.0,14.124999999999996
41522387917,219,23774,11,2,0.0,14.124999999999996,2,0.0,14.124999999999996,2,0.0,14.124999999999996,2,0.0,14.124999999999996,2,0.0,14.124999999999996,2,0.0,14.124999999999996,2,0.0,14.124999999999996,2,0.0,14.124999999999996,2,0.0,14.124999999999996,2,0.0,14.124999999999996,2,0.0,14.124999999999996
41715324832,220,23882,11,2,0.0,14.124999999999996,2,0.0,14.124999999999996,2,0.0,14.124999999999996,2,0.0,14.124999999999996,2,0.0,14.124999999999996,2,0.0,14.124999999999996,2,0.0,14.124999999999996,2,0.0,14.124999999999996,2,0.0,14.124999999999996,2,0.0,14.124999999999996,2,0.0,14.124999999999996
41886531069,221,23990,11,2,0.0,14.124999999999996,2,0.0,14.124999999999996,2,0.0,14.124999999999996,2,0.0,14.124999999999996,2,0.0,14.124999999999996,2,0.0,14.124999999999996,2,0.0,14.124999999999996,2,0.0,14.124999999999996,2,0.0,14.124999999999996,2,0.0,14.124999999999996,2,0.0,14.124999999999996
42059793841,222,24098,11,2,0.0,14.124999999999996,2,0.0,14.124999999999996,2,0.0,14.124999999999996,2,0.0,14.124999999999996,2,0.0,14.124999999999996,2,0.0,14.124999999999996,2,0.0,14.124999999999996,2,0.0,14.124999999999996,2,0.0,14.124999999999996,2,0.0,14.124999999999996,2,0.0,14.124999999999996
42232456208,223,24206,11,2,0.0,14.124999999999996,2,0.0,14.124999999999996,2,0.0,14.124999999999996,2,0.0,14.124999999999996,2,0.0,14.124999999999996,2,0.0,14.124999999999996,2,0.0,14.124999999999996,2,0.0,14.124999999999996,2,0.0,14.124999999999996,2,0.0,14.124999999999996,2,0.0,14.124999999999996
42404917529,224,24314,11,2,0.0,14.124999999999996,2,0.0,14.124999999999996,2,0.0,14.124999999999996,2,0.0,14.124999999999996,2,0.0,14.124999999999996,2,0.0,14.124999999999996,2,0.0,14.124999999999996,2,0.0,14.124999999999996,2,0.0,14.124999999999996,2,0.0,14.124999999999996,2,0.0,14.124999999999996
42579331280,225,24422,11,2,0.0,14.124999999999996,2,0.0,14.124999999999996,2,0.0,14.124999999999996,2,0.0,14.124999999999996,2,0.0,14.124999999999996,2,0.0,14.124999999999996,2,0.0,14.124999999999996,2,0.0,14.124999999999996,2,0.0,14.124999999999996,2,0.0,14.124999999999996,2,0.0,14.124999999999996
42754409607,226,24530,11,2,0.0,14.124999999999996,2,0.0,14.124999999999996,2,0.0,14.124999999999996,2,0.0,14.124999999999996,2,0.0,14.124999999999996,2,0.0,14.124999999999996,2,0.0,14.124999999999996,2,0.0,14.124999999999996,2,0.0,14.124999999999996,2,0.0,14.124999999999996,2,0.0,14.124999999999996
42926838843,227,24638,11,2,0.0,14.124999999999996,2,0.0,14.124999999999996,2,0.0,14.124999999999996,2,0.0,14.124999999999996,2,0.0,14.124999999999996,2,0.0,14.124999999999996,2,0.0,14.124999999999996,2,0.0,14.124999999999996,2,0.0,14.124999999999996,2,0.0,14.124999999999996,2,0.0,14.124999999999996
43100569584,228,24746,11,2,0.0,14.124999999999996,2,0.0,14.124999999999996,2,0.0,14.124999999999996,2,0.0,14.124999999999996,2,0.0,14.124999999999996,2,0.0,14.124999999999996,2,0.0,14.124999999999996,2,0.0,14.124999999999996,2,0.0,14.124999999999996,2,0.0,14.124999999999996,2,0.0,14.124999999999996
43270567157,229,24854,11,2,0.0,14.124999999999996,2,0.0,14.124999999999996,2,0.0,14.124999999999996,2,0.0,14.124999999999996,2,0.0,14.124999999999996,2,0.0,14.124999999999996,2,0.0,14.124999999999996,2,0.0,14.124999999999996,2,0.0,14.124999999999996,2,0.0,14.124999999999996,2,0.0,14.124999999999996
43443305983,230,24962,11,2,0.0,14.124999999999996,2,0.0,14.124999999999996,2,0.0,14.124999999999996,2,0.0,14.124999999999996,2,0.0,14.124999999999996,2,0.0,14.124999999999996,2,0.0,14.124999999999996,2,0.0,14.124999999999996,2,0.0,14.124999999999996,2,0.0,14.124999999999996,2,0.0,14.124999999999996
43621176421,231,25070,11,2,0.0,14.124999999999996,2,0.0,14.124999999999996,2,0.0,14.124999999999996,2,0.0,14.124999999999996,2,0.0,14.124999999999996,2,0.0,14.124999999999996,2,0.0,14.124999999999996,2,0.0,14.124999999999996,2,0.0,14.124999999999996,2,0.0,14.124999999999996,2,0.0,14.124999999999996
43794161689,232,25178,11,2,0.0,14.124999999999996,2,0.0,14.124999999999996,2,0.0,14.124999999999996,2,0.0,14.124999999999996,2,0.0,14.124999999999996,2,0.0,14.124999999999996,2,0.0,14.124999999999996,2,0.0,14.124999999999996,2,0.0,14.124999999999996,2,0.0,14.124999999999996,2,0.0,14.124999999999996
43985754773,233,25286,11,2,0.0,14.124999999999996,2,0.0,14.124999999999996,2,0.0,14.124999999999996,2,0.0,14.124999999999996,2,0.0,14.124999999999996,2,0.0,14.124999999999996,2,0.0,14.124999999999996,2,0.0,14.124999999999996,2,0.0,14.124999999999996,2,0.0,14.124999999999996,2,0.0,14.124999999999996
44159731616,234,25394,11,2,0.0,14.124999999999996,2,0.0,14.124999999999996,2,0.0,14.124999999999996,2,0.0,14.124999999999996,2,0.0,14.124999999999996,2,0.0,14.124999999999996,2,0.0,14.124999999999996,2,0.0,14.124999999999996,2,0.0,14.124999999999996,2,0.0,14.124999999999996,2,0.0,14.124999999999996
44332273151,235,25502,11,2,0.0,14.124999999999996,2,0.0,14.124999999999996,2,0.0,14.124999999999996,2,0.0,14.124999999999996,2,0.0,14.124999999999996,2,0.0,14.124999999999996,2,0.0,14.124999999999996,2,0.0,14.124999999999996,2,0.0,14.124999999999996,2,0.0,14.124999999999996,2,0.0,14.124999999999996
44503712518,236,25610,11,2,0.0,14.124999999999996,2,0.0,14.124999999999996,2,0.0,14.124999999999996,2,0.0,14.124999999999996,2,0.0,14.124999999999996,2,0.0,14.124999999999996,2,0.0,14.124999999999996,2,0.0,14.124999999999996,2,0.0,14.124999999999996,2,0.0,14.124999999999996,2,0.0,14.124999999999996
44675948900,237,25718,11,2,0.0,14.124999999999996,2,0.0,14.124999999999996,2,0.0,14.124999999999996,2,0.0,14.124999999999996,2,0.0,14.124999999999996,2,0.0,14.124999999999996,2,0.0,14.124999999999996,2,0.0,14.124999999999996,2,0.0,14.124999999999996,2,0.0,14.124999999999996,2,0.0,14.124999999999996
44845992553,238,25826,11,2,0.0,14.124999999999996,2,0.0,14.124999999999996,2,0.0,14.124999999999996,2,0.0,14.124999999999996,2,0.0,14.124999999999996,2,0.0,14.124999999999996,2,0.0,14.124999999999996,2,0.0,14.124999999999996,2,0.0,14.124999999999996,2,0.0,14.124999999999996,2,0.0,14.124999999999996
45019353289,239,25934,11,2,0.0,14.124999999999996,2,0.0,14.124999999999996,2,0.0,14.124999999999996,2,0.0,14.124999999999996,2,0.0,14.124999999999996,2,0.0,14.124999999999996,2,0.0,14.124999999999996,2,0.0,14.124999999999996,2,0.0,14.124999999999996,2,0.0,14.124999999999996,2,0.0,14.124999999999996
45191464401,240,26042,11,2,0.0,14.124999999999996,2,0.0,14.124999999999996,2,0.0,14.124999999999996,2,0.0,14.124999999999996,2,0.0,14.124999999999996,2,0.0,14.124999999999996,2,0.0,14.124999999999996,2,0.0,14.124999999999996,2,0.0,14.124999999999996,2,0.0,14.124999999999996,2,0.0,14.124999999999996
45362701699,241,26150,11,2,0.0,14.124999999999996,2,0.0,14.124999999999996,2,0.0,14.124999999999996,2,0.0,14.124999999999996,2,0.0,14.124999999999996,2,0.0,14.124999999999996,2,0.0,14.124999999999996,2,0.0,14.124999999999996,2,0.0,14.124999999999996,2,0.0,14.124999999999996,2,0.0,14.124999999999996
45535038091,242,26258,11,2,0.0,14.124999999999996,2,0.0,14.124999999999996,2,0.0,14.124999999999996,2,0.0,14.124999999999996,2,0.0,14.124999999999996,2,0.0,14.124999999999996,2,0.0,14.124999999999996,2,0.0,14.124999999999996,2,0.0,14.124999999999996,2,0.0,14.124999999999996,2,0.0,14.124999999999996
45707309631,243,26366,11,2,0.0,14.124999999999996,2,0.0,14.124999999999996,2,0.0,14.124999999999996,2,0.0,14.124999999999996,2,0.0,14.124999999999996,2,0.0,14.124999999999996,2,0.0,14.124999999999996,2,0.0,14.124999999999996,2,0.0,14.124999999999996,2,0.0,14.124999999999996,2,0.0,14.124999999999996
45879113201,244,26474,11,2,0.0,14.124999999999996,2,0.0,14.124999999999996,2,0.0,14.124999999999996,2,0.0,14.124999999999996,2,0.0,14.124999999999996,2,0.0,14.124999999999996,2,0.0,14.124999999999996,2,0.0,14.124999999999996,2,0.0,14.124999999999996,2,0.0,14.124999999999996,2,0.0,14.124999999999996
46071994479,245,26582,11,2,0.0,14.124999999999996,2,0.0,14.124999999999996,2,0.0,14.124999999999996,2,0.0,14.124999999999996,2,0.0,14.124999999999996,2,0.0,14.124999999999996,2,0.0,14.124999999999996,2,0.0,14.124999999999996,2,0.0,14.124999999999996,2,0.0,14.124999999999996,2,0.0,14.124999999999996
46246017061,246,26690,11,2,0.0,14.124999999999996,2,0.0,14.124999999999996,2,0.0,14.124999999999996,2,0.0,14.124999999999996,2,0.0,14.124999999999996,2,0.0,14.124999999999996,2,0.0,14.124999999999996,2,0.0,14.124999999999996,2,0.0,14.124999999999996,2,0.0,14.124999999999996,2,0.0,14.124999999999996
46434849778,247,26798,11,2,0.0,14.124999999999996,2,0.0,14.124999999999996,2,0.0,14.124999999999996,2,0.0,14.124999999999996,2,0.0,14.124999999999996,2,0.0,14.124999999999996,2,0.0,14.124999999999996,2,0.0,14.124999999999996,2,0.0,14.124999999999996,2,0.0,14.124999999999996,2,0.0,14.124999999999996
46608907858,248,26906,11,2,0.0,14.124999999999996,2,0.0,14.124999999999996,2,0.0,14.124999999999996,2,0.0,14.124999999999996,2,0.0,14.124999999999996,2,0.0,14.124999999999996,2,0.0,14.124999999999996,2,0.0,14.124999999999996,2,0.0,14.124999999999996,2,0.0,14.124999999999996,2,0.0,14.124999999999996
46782703453,249,27014,11,2,0.0,14.124999999999996,2,0.0,14.124999999999996,2,0.0,14.124999999999996,2,0.0,14.124999999999996,2,0.0,14.124999999999996,2,0.0,14.124999999999996,2,0.0,14.124999999999996,2,0.0,14.124999999999996,2,0.0,14.124999999999996,2,0.0,14.124999999999996,2,0.0,14.124999999999996
46960395374,250,27122,11,2,0.0,14.124999999999996,2,0.0,14.124999999999996,2,0.0,14.124999999999996,2,0.0,14.124999999999996,2,0.0,14.124999999999996,2,0.0,14.124999999999996,2,0.0,14.124999999999996,2,0.0,14.124999999999996,2,0.0,14.124999999999996,2,0.0,14.124999999999996,2,0.0,14.124999999999996
47144012851,251,27230,11,2,0.0,14.124999999999996,2,0.0,14.124999999999996,2,0.0,14.124999999999996,2,0.0,14.124999999999996,2,0.0,14.124999999999996,2,0.0,14.124999999999996,2,0.0,14.124999999999996,2,0.0,14.124999999999996,2,0.0,14.124999999999996,2,0.0,14.124999999999996,2,0.0,14.124999999999996
47318824938,252,27338,11,2,0.0,14.124999999999996,2,0.0,14.124999999999996,2,0.0,14.124999999999996,2,0.0,14.124999999999996,2,0.0,14.124999999999996,2,0.0,14.124999999999996,2,0.0,14.124999999999996,2,0.0,14.124999999999996,2,0.0,14.124999999999996,2,0.0,14.124999999999996,2,0.0,14.124999999999996
47509870181,253,27446,11,2,0.0,14.124999999999996,2,0.0,14.124999999999996,2,0.0,14.124999999999996,2,0.0,14.124999999999996,2,0.0,14.124999999999996,2,0.0,14.124999999999996,2,0.0,14.124999999999996,2,0.0,14.124999999999996,2,0.0,14.124999999999996,2,0.0,14.124999999999996,2,0.0,14.124999999999996
47682620953,254,27554,11,2,0.0,14.124999999999996,2,0.0,14.124999999999996,2,0.0,14.124999999999996,2,0.0,14.124999999999996,2,0.0,14.124999999999996,2,0.0,14.124999999999996,2,0.0,14.124999999999996,2,0.0,14.124999999999996,2,0.0,14.124999999999996,2,0.0,14.124999999999996,2,0.0,14.124999999999996
47853637066,255,27662,11,2,0.0,14.124999999999996,2,0.0,14.124999999999996,2,0.0,14.124999999999996,2,0.0,14.124999999999996,2,0.0,14.124999999999996,2,0.0,14.124999999999996,2,0.0,14.124999999999996,2,0.0,14.124999999999996,2,0.0,14.124999999999996,2,0.0,14.124999999999996,2,0.0,14.124999999999996
48027417984,256,27770,11,2,0.0,14.124999999999996,2,0.0,14.124999999999996,2,0.0,14.124999999999996,2,0.0,14.124999999999996,2,0.0,14.124999999999996,2,0.0,14.124999999999996,2,0.0,14.124999999999996,2,0.0,14.124999999999996,2,0.0,14.124999999999996,2,0.0,14.124999999999996,2,0.0,14.124999999999996
48227358728,257,27878,11,2,0.0,14.124999999999996,2,0.0,14.124999999999996,2,0.0,14.124999999999996,2,0.0,14.124999999999996,2,0.0,14.124999999999996,2,0.0,14.124999999999996,2,0.0,14.124999999999996,2,0.0,14.124999999999996,2,0.0,14.124999999999996,2,0.0,14.124999999999996,2,0.0,14.124999999999996
48425491769,258,27986,11,2,0.0,14.124999999999996,2,0.0,14.124999999999996,2,0.0,14.124999999999996,2,0.0,14.124999999999996,2,0.0,14.124999999999996,2,0.0,14.124999999999996,2,0.0,14.124999999999996,2,0.0,14.124999999999996,2,0.0,14.124999999999996,2,0.0,14.124999999999996,2,0.0,14.124999999999996
48599581593,259,28094,11,2,0.0,14.124999999999996,2,0.0,14.124999999999996,2,0.0,14.124999999999996,2,0.0,14.124999999999996,2,0.0,14.124999999999996,2,0.0,14.124999999999996,2,0.0,14.124999999999996,2,0.0,14.124999999999996,2,0.0,14.124999999999996,2,0.0,14.124999999999996,2,0.0,14.124999999999996
48770022559,260,28202,11,2,0.0,14.124999999999996,2,0.0,14.124999999999996,2,0.0,14.124999999999996,2,0.0,14.124999999999996,2,0.0,14.124999999999996,2,0.0,14.124999999999996,2,0.0,14.124999999999996,2,0.0,14.124999999999996,2,0.0,14.124999999999996,2,0.0,14.124999999999996,2,0.0,14.124999999999996
48960818628,261,28310,11,2,0.0,14.124999999999996,2,0.0,14.124999999999996,2,0.0,14.124999999999996,2,0.0,14.124999999999996,2,0.0,14.124999999999996,2,0.0,14.124999999999996,2,0.0,14.124999999999996,2,0.0,14.124999999999996,2,0.0,14.124999999999996,2,0.0,14.124999999999996,2,0.0,14.124999999999996
49155516485,262,28418,11,2,0.0,14.124999999999996,2,0.0,14.124999999999996,2,0.0,14.124999999999996,2,0.0,14.124999999999996,2,0.0,14.124999999999996,2,0.0,14.124999999999996,2,0.0,14.124999999999996,2,0.0,14.124999999999996,2,0.0,14.124999999999996,2,0.0,14.124999999999996,2,0.0,14.124999999999996
49328299001,263,28526,11,2,0.0,14.124999999999996,2,0.0,14.124999999999996,2,0.0,14.124999999999996,2,0.0,14.124999999999996,2,0.0,14.124999999999996,2,0.0,14.124999999999996,2,0.0,14.124999999999996,2,0.0,14.124999999999996,2,0.0,14.124999999999996,2,0.0,14.124999999999996,2,0.0,14.124999999999996
49501005399,264,28634,11,2,0.0,14.124999999999996,2,0.0,14.124999999999996,2,0.0,14.124999999999996,2,0.0,14.124999999999996,2,0.0,14.124999999999996,2,0.0,14.124999999999996,2,0.0,14.124999999999996,2,0.0,14.124999999999996,2,0.0,14.124999999999996,2,0.0,14.124999999999996,2,0.0,14.124999999999996
49673079647,265,28742,11,2,0.0,14.124999999999996,2,0.0,14.124999999999996,2,0.0,14.124999999999996,2,0.0,14.124999999999996,2,0.0,14.124999999999996,2,0.0,14.124999999999996,2,0.0,14.124999999999996,2,0.0,14.124999999999996,2,0.0,14.124999999999996,2,0.0,14.124999999999996,2,0.0,14.124999999999996
49847086869,266,28850,11,2,0.0,14.124999999999996,2,0.0,14.124999999999996,2,0.0,14.124999999999996,2,0.0,14.124999999999996,2,0.0,14.124999999999996,2,0.0,14.124999999999996,2,0.0,14.124999999999996,2,0.0,14.124999999999996,2,0.0,14.124999999999996,2,0.0,14.124999999999996,2,0.0,14.124999999999996
50017034949,267,28958,11,2,0.0,14.124999999999996,2,0.0,14.124999999999996,2,0.0,14.124999999999996,2,0.0,14.124999999999996,2,0.0,14.124999999999996,2,0.0,14.124999999999996,2,0.0,14.124999999999996,2,0.0,14.124999999999996,2,0.0,14.124999999999996,2,0.0,14.124999999999996,2,0.0,14.124999999999996
50190498085,268,29066,11,2,0.0,14.124999999999996,2,0.0,14.124999999999996,2,0.0,14.124999999999996,2,0.0,14.124999999999996,2,0.0,14.124999999999996,2,0.0,14.124999999999996,2,0.0,14.124999999999996,2,0.0,14.124999999999996,2,0.0,14.124999999999996,2,0.0,14.124999999999996,2,0.0,14.124999999999996
50363694639,269,29174,11,2,0.0,14.124999999999996,2,0.0,14.124999999999996,2,0.0,14.124999999999996,2,0.0,14.124999999999996,2,0.0,14.124999999999996,2,0.0,14.124999999999996,2,0.0,14.124999999999996,2,0.0,14.124999999999996,2,0.0,14.124999999999996,2,0.0,14.124999999999996,2,0.0,14.124999999999996
50536857742,270,29282,11,2,0.0,14.124999999999996,2,0.0,14.124999999999996,2,0.0,14.124999999999996,2,0.0,14.124999999999996,2,0.0,14.124999999999996,2,0.0,14.124999999999996,2,0.0,14.124999999999996,2,0.0,14.124999999999996,2,0.0,14.124999999999996,2,0.0,14.124999999999996,2,0.0,14.124999999999996
50711009348,271,29390,11,2,0.0,14.124999999999996,2,0.0,14.124999999999996,2,0.0,14.124999999999996,2,0.0,14.124999999999996,2,0.0,14.124999999999996,2,0.0,14.124999999999996,2,0.0,14.124999999999996,2,0.0,14.124999999999996,2,0.0,14.124999999999996,2,0.0,14.124999999999996,2,0.0,14.124999999999996
50884650660,272,29498,11,2,0.0,14.124999999999996,2,0.0,14.124999999999996,2,0.0,14.124999999999996,2,0.0,14.124999999999996,2,0.0,14.124999999999996,2,0.0,14.124999999999996,2,0.0,14.124999999999996,2,0.0,14.124999999999996,2,0.0,14.124999999999996,2,0.0,14.124999999999996,2,0.0,14.124999999999996
51055783169,273,29606,11,2,0.0,14.124999999999996,2,0.0,14.124999999999996,2,0.0,14.124999999999996,2,0.0,14.124999999999996,2,0.0,14.124999999999996,2,0.0,14.124999999999996,2,0.0,14.124999999999996,2,0.0,14.124999999999996,2,0.0,14.124999999999996,2,0.0,14.124999999999996,2,0.0,14.124999999999996
51229020341,274,29714,11,2,0.0,14.124999999999996,2,0.0,14.124999999999996,2,0.0,14.124999999999996,2,0.0,14.124999999999996,2,0.0,14.124999999999996,2,0.0,14.124999999999996,2,0.0,14.124999999999996,2,0.0,14.124999999999996,2,0.0,14.124999999999996,2,0.0,14.124999999999996,2,0.0,14.124999999999996
51402835734,275,29822,11,2,0.0,14.124999999999996,2,0.0,14.124999999999996,2,0.0,14.124999999999996,2,0.0,14.124999999999996,2,0.0,14.124999999999996,2,0.0,14.124999999999996,2,0.0,14.124999999999996,2,0.0,14.124999999999996,2,0.0,14.124999999999996,2,0.0,14.124999999999996,2,0.0,14.124999999999996
51604272203,276,29930,11,2,0.0,14.124999999999996,2,0.0,14.124999999999996,2,0.0,14.124999999999996,2,0.0,14.124999999999996,2,0.0,14.124999999999996,2,0.0,14.124999999999996,2,0.0,14.124999999999996,2,0.0,14.124999999999996,2,0.0,14.124999999999996,2,0.0,14.124999999999996,2,0.0,14.124999999999996
51803879464,277,30038,11,2,0.0,14.124999999999996,2,0.0,14.124999999999996,2,0.0,14.124999999999996,2,0.0,14.124999999999996,2,0.0,14.124999999999996,2,0.0,14.124999999999996,2,0.0,14.124999999999996,2,0.0,14.124999999999996,2,0.0,14.124999999999996,2,0.0,14.124999999999996,2,0.0,14.124999999999996
51976460593,278,30146,11,2,0.0,14.124999999999996,2,0.0,14.124999999999996,2,0.0,14.124999999999996,2,0.0,14.124999999999996,2,0.0,14.124999999999996,2,0.0,14.124999999999996,2,0.0,14.124999999999996,2,0.0,14.124999999999996,2,0.0,14.124999999999996,2,0.0,14.124999999999996,2,0.0,14.124999999999996
52387651497,279,30254,11,2,0.0,14.124999999999996,2,0.0,14.124999999999996,2,0.0,14.124999999999996,2,0.0,14.124999999999996,2,0.0,14.124999999999996,2,0.0,14.124999999999996,2,0.0,14.124999999999996,2,0.0,14.124999999999996,2,0.0,14.124999999999996,2,0.0,14.124999999999996,2,0.0,14.124999999999996
52561970015,280,30362,11,2,0.0,14.124999999999996,2,0.0,14.124999999999996,2,0.0,14.124999999999996,2,0.0,14.124999999999996,2,0.0,14.124999999999996,2,0.0,14.124999999999996,2,0.0,14.124999999999996,2,0.0,14.124999999999996,2,0.0,14.124999999999996,2,0.0,14.124999999999996,2,0.0,14.124999999999996
52753828316,281,30470,11,2,0.0,14.124999999999996,2,0.0,14.124999999999996,2,0.0,14.124999999999996,2,0.0,14.124999999999996,2,0.0,14.124999999999996,2,0.0,14.124999999999996,2,0.0,14.124999999999996,2,0.0,14.124999999999996,2,0.0,14.124999999999996,2,0.0,14.124999999999996,2,0.0,14.124999999999996
52926551439,282,30578,11,2,0.0,14.124999999999996,2,0.0,14.124999999999996,2,0.0,14.124999999999996,2,0.0,14.124999999999996,2,0.0,14.124999999999996,2,0.0,14.124999999999996,2,0.0,14.124999999999996,2,0.0,14.124999999999996,2,0.0,14.124999999999996,2,0.0,14.124999999999996,2,0.0,14.124999999999996
53101171697,283,30686,11,2,0.0,14.124999999999996,2,0.0,14.124999999999996,2,0.0,14.124999999999996,2,0.0,14.124999999999996,2,0.0,14.124999999999996,2,0.0,14.124999999999996,2,0.0,14.124999999999996,2,0.0,14.124999999999996,2,0.0,14.124999999999996,2,0.0,14.124999999999996,2,0.0,14.124999999999996
53272342093,284,30794,11,2,0.0,14.124999999999996,2,0.0,14.124999999999996,2,0.0,14.124999999999996,2,0.0,14.124999999999996,2,0.0,14.124999999999996,2,0.0,14.124999999999996,2,0.0,14.124999999999996,2,0.0,14.124999999999996,2,0.0,14.124999999999996,2,0.0,14.124999999999996,2,0.0,14.124999999999996
53445418156,285,30902,11,2,0.0,14.124999999999996,2,0.0,14.124999999999996,2,0.0,14.124999999999996,2,0.0,14.124999999999996,2,0.0,14.124999999999996,2,0.0,14.124999999999996,2,0.0,14.124999999999996,2,0.0,14.124999999999996,2,0.0,14.124999999999996,2,0.0,14.124999999999996,2,0.0,14.124999999999996
53617857291,286,31010,11,2,0.0,14.124999999999996,2,0.0,14.124999999999996,2,0.0,14.124999999999996,2,0.0,14.124999999999996,2,0.0,14.124999999999996,2,0.0,14.124999999999996,2,0.0,14.124999999999996,2,0.0,14.124999999999996,2,0.0,14.124999999999996,2,0.0,14.124999999999996,2,0.0,14.124999999999996
53792203116,287,31118,11,2,0.0,14.124999999999996,2,0.0,14.124999999999996,2,0.0,14.124999999999996,2,0.0,14.124999999999996,2,0.0,14.124999999999996,2,0.0,14.124999999999996,2,0.0,14.124999999999996,2,0.0,14.124999999999996,2,0.0,14.124999999999996,2,0.0,14.124999999999996,2,0.0,14.124999999999996
53966190199,288,31226,11,2,0.0,14.124999999999996,2,0.0,14.124999999999996,2,0.0,14.124999999999996,2,0.0,14.124999999999996,2,0.0,14.124999999999996,2,0.0,14.124999999999996,2,0.0,14.124999999999996,2,0.0,14.124999999999996,2,0.0,14.124999999999996,2,0.0,14.124999999999996,2,0.0,14.124999999999996
54140652078,289,31334,11,2,0.0,14.124999999999996,2,0.0,14.124999999999996,2,0.0,14.124999999999996,2,0.0,14.124999999999996,2,0.0,14.124999999999996,2,0.0,14.124999999999996,2,0.0,14.124999999999996,2,0.0,14.124999999999996,2,0.0,14.124999999999996,2,0.0,14.124999999999996,2,0.0,14.124999999999996
54314874340,290,31442,11,2,0.0,14.124999999999996,2,0.0,14.124999999999996,2,0.0,14.124999999999996,2,0.0,14.124999999999996,2,0.0,14.124999999999996,2,0.0,14.124999999999996,2,0.0,14.124999999999996,2,0.0,14.124999999999996,2,0.0,14.124999999999996,2,0.0,14.124999999999996,2,0.0,14.124999999999996
54483683730,291,31550,11,2,0.0,14.124999999999996,2,0.0,14.124999999999996,2,0.0,14.124999999999996,2,0.0,14.124999999999996,2,0.0,14.124999999999996,2,0.0,14.124999999999996,2,0.0,14.124999999999996,2,0.0,14.124999999999996,2,0.0,14.124999999999996,2,0.0,14.124999999999996,2,0.0,14.124999999999996
54657921011,292,31658,11,2,0.0,14.124999999999996,2,0.0,14.124999999999996,2,0.0,14.124999999999996,2,0.0,14.124999999999996,2,0.0,14.124999999999996,2,0.0,14.124999999999996,2,0.0,14.124999999999996,2,0.0,14.124999999999996,2,0.0,14.124999999999996,2,0.0,14.124999999999996,2,0.0,14.124999999999996
54828233635,293,31766,11,2,0.0,14.124999999999996,2,0.0,14.124999999999996,2,0.0,14.124999999999996,2,0.0,14.124999999999996,2,0.0,14.124999999999996,2,0.0,14.124999999999996,2,0.0,14.124999999999996,2,0.0,14.124999999999996,2,0.0,14.124999999999996,2,0.0,14.124999999999996,2,0.0,14.124999999999996
55022165880,294,31874,11,2,0.0,14.124999999999996,2,0.0,14.124999999999996,2,0.0,14.124999999999996,2,0.0,14.124999999999996,2,0.0,14.124999999999996,2,0.0,14.124999999999996,2,0.0,14.124999999999996,2,0.0,14.124999999999996,2,0.0,14.124999999999996,2,0.0,14.124999999999996,2,0.0,14.124999999999996
55218102437,295,31982,11,2,0.0,14.124999999999996,2,0.0,14.124999999999996,2,0.0,14.124999999999996,2,0.0,14.124999999999996,2,0.0,14.124999999999996,2,0.0,14.124999999999996,2,0.0,14.124999999999996,2,0.0,14.124999999999996,2,0.0,14.124999999999996,2,0.0,14.124999999999996,2,0.0,14.124999999999996
55388451925,296,32090,11,2,0.0,14.124999999999996,2,0.0,14.124999999999996,2,0.0,14.124999999999996,2,0.0,14.124999999999996,2,0.0,14.124999999999996,2,0.0,14.124999999999996,2,0.0,14.124999999999996,2,0.0,14.124999999999996,2,0.0,14.124999999999996,2,0.0,14.124999999999996,2,0.0,14.124999999999996
55614858673,297,32198,11,2,0.0,14.124999999999996,2,0.0,14.124999999999996,2,0.0,14.124999999999996,2,0.0,14.124999999999996,2,0.0,14.124999999999996,2,0.0,14.124999999999996,2,0.0,14.124999999999996,2,0.0,14.124999999999996,2,0.0,14.124999999999996,2,0.0,14.124999999999996,2,0.0,14.124999999999996
55920893489,298,32306,11,2,0.0,14.124999999999996,2,0.0,14.124999999999996,2,0.0,14.124999999999996,2,0.0,14.124999999999996,2,0.0,14.124999999999996,2,0.0,14.124999999999996,2,0.0,14.124999999999996,2,0.0,14.124999999999996,2,0.0,14.124999999999996,2,0.0,14.124999999999996,2,0.0,14.124999999999996
56275649960,299,32414,11,2,0.0,14.124999999999996,2,0.0,14.124999999999996,2,0.0,14.124999999999996,2,0.0,14.124999999999996,2,0.0,14.124999999999996,2,0.0,14.124999999999996,2,0.0,14.124999999999996,2,0.0,14.124999999999996,2,0.0,14.124999999999996,2,0.0,14.124999999999996,2,0.0,14.124999999999996
56607151354,300,32522,11,2,0.0,14.124999999999996,2,0.0,14.124999999999996,2,0.0,14.124999999999996,2,0.0,14.124999999999996,2,0.0,14.124999999999996,2,0.0,14.124999999999996,2,0.0,14.124999999999996,2,0.0,14.124999999999996,2,0.0,14.124999999999996,2,0.0,14.124999999999996,2,0.0,14.124999999999996
56970531966,301,32630,11,2,0.0,14.124999999999996,2,0.0,14.124999999999996,2,0.0,14.124999999999996,2,0.0,14.124999999999996,2,0.0,14.124999999999996,2,0.0,14.124999999999996,2,0.0,14.124999999999996,2,0.0,14.124999999999996,2,0.0,14.124999999999996,2,0.0,14.124999999999996,2,0.0,14.124999999999996
57226991453,302,32738,11,2,0.0,14.124999999999996,2,0.0,14.124999999999996,2,0.0,14.124999999999996,2,0.0,14.124999999999996,2,0.0,14.124999999999996,2,0.0,14.124999999999996,2,0.0,14.124999999999996,2,0.0,14.124999999999996,2,0.0,14.124999999999996,2,0.0,14.124999999999996,2,0.0,14.124999999999996
57502192558,303,32846,11,2,0.0,14.124999999999996,2,0.0,14.124999999999996,2,0.0,14.124999999999996,2,0.0,14.124999999999996,2,0.0,14.124999999999996,2,0.0,14.124999999999996,2,0.0,14.124999999999996,2,0.0,14.124999999999996,2,0.0,14.124999999999996,2,0.0,14.124999999999996,2,0.0,14.124999999999996
57732452624,304,32954,11,2,0.0,14.124999999999996,2,0.0,14.124999999999996,2,0.0,14.124999999999996,2,0.0,14.124999999999996,2,0.0,14.124999999999996,2,0.0,14.124999999999996,2,0.0,14.124999999999996,2,0.0,14.124999999999996,2,0.0,14.124999999999996,2,0.0,14.124999999999996,2,0.0,14.124999999999996
57930647787,305,33062,11,2,0.0,14.124999999999996,2,0.0,14.124999999999996,2,0.0,14.124999999999996,2,0.0,14.124999999999996,2,0.0,14.124999999999996,2,0.0,14.124999999999996,2,0.0,14.124999999999996,2,0.0,14.124999999999996,2,0.0,14.124999999999996,2,0.0,14.124999999999996,2,0.0,14.124999999999996
58101032433,306,33170,11,2,0.0,14.124999999999996,2,0.0,14.124999999999996,2,0.0,14.124999999999996,2,0.0,14.124999999999996,2,0.0,14.124999999999996,2,0.0,14.124999999999996,2,0.0,14.124999999999996,2,0.0,14.124999999999996,2,0.0,14.124999999999996,2,0.0,14.124999999999996,2,0.0,14.124999999999996
58274549499,307,33278,11,2,0.0,14.124999999999996,2,0.0,14.124999999999996,2,0.0,14.124999999999996,2,0.0,14.124999999999996,2,0.0,14.124999999999996,2,0.0,14.124999999999996,2,0.0,14.124999999999996,2,0.0,14.124999999999996,2,0.0,14.124999999999996,2,0.0,14.124999999999996,2,0.0,14.124999999999996
58447664816,308,33386,11,2,0.0,14.124999999999996,2,0.0,14.124999999999996,2,0.0,14.124999999999996,2,0.0,14.124999999999996,2,0.0,14.124999999999996,2,0.0,14.124999999999996,2,0.0,14.124999999999996,2,0.0,14.124999999999996,2,0.0,14.124999999999996,2,0.0,14.124999999999996,2,0.0,14.124999999999996
58622055014,309,33494,11,2,0.0,14.124999999999996,2,0.0,14.124999999999996,2,0.0,14.124999999999996,2,0.0,14.124999999999996,2,0.0,14.124999999999996,2,0.0,14.124999999999996,2,0.0,14.124999999999996,2,0.0,14.124999999999996,2,0.0,14.124999999999996,2,0.0,14.124999999999996,2,0.0,14.124999999999996
58791785323,310,33602,11,2,0.0,14.124999999999996,2,0.0,14.124999999999996,2,0.0,14.124999999999996,2,0.0,14.124999999999996,2,0.0,14.124999999999996,2,0.0,14.124999999999996,2,0.0,14.124999999999996,2,0.0,14.124999999999996,2,0.0,14.124999999999996,2,0.0,14.124999999999996,2,0.0,14.124999999999996
59002002947,311,33710,11,2,0.0,14.124999999999996,2,0.0,14.124999999999996,2,0.0,14.124999999999996,2,0.0,14.124999999999996,2,0.0,14.124999999999996,2,0.0,14.124999999999996,2,0.0,14.124999999999996,2,0.0,14.124999999999996,2,0.0,14.124999999999996,2,0.0,14.124999999999996,2,0.0,14.124999999999996
59175591011,312,33818,11,2,0.0,14.124999999999996,2,0.0,14.124999999999996,2,0.0,14.124999999999996,2,0.0,14.124999999999996,2,0.0,14.124999999999996,2,0.0,14.124999999999996,2,0.0,14.124999999999996,2,0.0,14.124999999999996,2,0.0,14.124999999999996,2,0.0,14.124999999999996,2,0.0,14.124999999999996
59348784152,313,33926,11,2,0.0,14.124999999999996,2,0.0,14.124999999999996,2,0.0,14.124999999999996,2,0.0,14.124999999999996,2,0.0,14.124999999999996,2,0.0,14.124999999999996,2,0.0,14.124999999999996,2,0.0,14.124999999999996,2,0.0,14.124999999999996,2,0.0,14.124999999999996,2,0.0,14.124999999999996
59520155253,314,34034,11,2,0.0,14.124999999999996,2,0.0,14.124999999999996,2,0.0,14.124999999999996,2,0.0,14.124999999999996,2,0.0,14.124999999999996,2,0.0,14.124999999999996,2,0.0,14.124999999999996,2,0.0,14.124999999999996,2,0.0,14.124999999999996,2,0.0,14.124999999999996,2,0.0,14.124999999999996
59693271593,315,34142,11,2,0.0,14.124999999999996,2,0.0,14.124999999999996,2,0.0,14.124999999999996,2,0.0,14.124999999999996,2,0.0,14.124999999999996,2,0.0,14.124999999999996,2,0.0,14.124999999999996,2,0.0,14.124999999999996,2,0.0,14.124999999999996,2,0.0,14.124999999999996,2,0.0,14.124999999999996
59868361526,316,34250,11,2,0.0,14.124999999999996,2,0.0,14.124999999999996,2,0.0,14.124999999999996,2,0.0,14.124999999999996,2,0.0,14.124999999999996,2,0.0,14.124999999999996,2,0.0,14.124999999999996,2,0.0,14.124999999999996,2,0.0,14.124999999999996,2,0.0,14.124999999999996,2,0.0,14.124999999999996
