201426706,1,120,1,2,0.0,-0.85
269983541,2,240,1,2,0.0,-1.0
330456916,3,360,1,2,0.0,-1.1666666666666667
392514420,4,480,1,2,0.0,-1.1666666666666667
461012204,5,600,1,2,0.0,-1.1666666666666667
566045986,6,720,1,2,0.0,-1.1666666666666667
650128376,7,840,1,2,0.0,-1.1666666666666667
747678762,8,960,1,2,0.0,-1.1666666666666667
832510379,9,1080,1,2,0.0,-1.1666666666666667
917473750,10,1200,1,2,0.0,-1.1666666666666667
1001826135,11,1320,1,2,0.0,-1.1666666666666667
1106451681,12,1440,1,2,0.0,-1.1666666666666667
1190180450,13,1560,1,2,0.0,-1.1666666666666667
1274376162,14,1680,1,2,0.0,-1.1666666666666667
1383559194,15,1800,1,2,0.0,-1.1666666666666667
1487172346,16,1920,1,2,0.0,-1.1666666666666667
1570943781,17,2040,1,2,0.0,-1.1666666666666667
1655077029,18,2160,1,2,0.0,-1.1666666666666667
1738991141,19,2280,1,2,0.0,-1.1666666666666667
1824538534,20,2400,1,2,0.0,-1.1666666666666667
1937441419,21,2520,1,2,0.0,-1.1666666666666667
2021432673,22,2640,1,2,0.0,-1.1666666666666667
2105568652,23,2760,1,2,0.0,-1.1666666666666667
2192779704,24,2880,1,2,0.0,-1.1666666666666667
2300982426,25,3000,1,2,0.0,-1.1666666666666667
2406651088,26,3120,1,2,0.0,-1.1666666666666667
2490209873,27,3240,1,2,0.0,-1.1666666666666667
2598115976,28,3360,1,2,0.0,-1.1666666666666667
2682039987,29,3480,1,2,0.0,-1.1666666666666667
2803271409,30,3600,1,2,0.0,-1.1666666666666667
2899626104,31,3720,1,2,0.0,-1.1666666666666667
2999038122,32,3840,1,2,0.0,-1.1666666666666667
3101704074,33,3960,1,2,0.0,-1.1666666666666667
3199439121,34,4080,1,2,0.0,-1.1666666666666667
3300465306,35,4200,1,2,0.0,-1.1666666666666667
3415728512,36,4320,1,2,0.0,-1.1666666666666667
3505812910,37,4440,1,2,0.0,-1.1666666666666667
3590108292,38,4560,1,2,0.0,-1.1666666666666667
3698659515,39,4680,1,2,0.0,-1.1666666666666667
3798858649,40,4800,1,2,0.0,-1.1666666666666667
3895150880,41,4920,1,2,0.0,-1.1666666666666667
3978910027,42,5040,1,2,0.0,-1.1666666666666667
4063328630,43,5160,1,2,0.0,-1.1666666666666667
4172670382,44,5280,1,2,0.0,-1.1666666666666667
4256535001,45,5400,1,2,0.0,-1.1666666666666667
4340627631,46,5520,1,2,0.0,-1.1666666666666667
4425388250,47,5640,1,2,0.0,-1.1666666666666667
4512170929,48,5760,1,2,0.0,-1.1666666666666667
4597349341,49,5880,1,2,0.0,-1.1666666666666667
4681080840,50,6000,1,2,0.0,-1.1666666666666667
4764553949,51,6120,1,2,0.0,-1.1666666666666667
4854616843,52,6240,1,2,0.0,-1.1666666666666667
4938677387,53,6360,1,2,0.0,-1.1666666666666667
5023738380,54,6480,1,2,0.0,-1.1666666666666667
5108247096,55,6600,1,2,0.0,-1.1666666666666667
5194892217,56,6720,1,2,0.0,-1.1666666666666667
5279131279,57,6840,1,2,0.0,-1.1666666666666667
5362927973,58,6960,1,2,0.0,-1.1666666666666667
5447371152,59,7080,1,2,0.0,-1.1666666666666667
5551970416,60,7200,1,2,0.0,-1.1666666666666667
5635630918,61,7320,1,2,0.0,-1.1666666666666667
5719093104,62,7440,1,2,0.0,-1.1666666666666667
5802967963,63,7560,1,2,0.0,-1.1666666666666667
5907537190,64,7680,1,2,0.0,-1.1666666666666667
6015540232,65,7800,1,2,0.0,-1.1666666666666667
6141667060,66,7920,1,2,0.0,-1.1666666666666667
6225943668,67,8040,1,2,0.0,-1.1666666666666667
6347745800,68,8160,1,2,0.0,-1.1666666666666667
6432085213,69,8280,1,2,0.0,-1.1666666666666667
6516375817,70,8400,1,2,0.0,-1.1666666666666667
6635727856,71,8520,1,2,0.0,-1.1666666666666667
6727869813,72,8640,1,2,0.0,-1.1666666666666667
6811865163,73,8760,1,2,0.0,-1.1666666666666667
6896374219,74,8880,1,2,0.0,-1.1666666666666667
7001118550,75,9000,1,2,0.0,-1.1666666666666667
7085060993,76,9120,1,2,0.0,-1.1666666666666667
7168861783,77,9240,1,2,0.0,-1.1666666666666667
7253128834,78,9360,1,2,0.0,-1.1666666666666667
7358312120,79,9480,1,2,0.0,-1.1666666666666667
7442571320,80,9600,1,2,0.0,-1.1666666666666667
7526436963,81,9720,1,2,0.0,-1.1666666666666667
7613349349,82,9840,1,2,0.0,-1.1666666666666667
7696913595,83,9960,1,2,0.0,-1.1666666666666667
7781294992,84,10080,1,2,0.0,-1.1666666666666667
7866349158,85,10200,1,2,0.0,-1.1666666666666667
7967987696,86,10320,1,2,0.0,-1.1666666666666667
8052227099,87,10440,1,2,0.0,-1.1666666666666667
8136584262,88,10560,1,2,0.0,-1.1666666666666667
8246479657,89,10680,1,2,0.0,-1.1666666666666667
8335071063,90,10800,1,2,0.0,-1.1666666666666667
8421961603,91,10920,1,2,0.0,-1.1666666666666667
8525394189,92,11040,1,2,0.0,-1.1666666666666667
8610010766,93,11160,1,2,0.0,-1.1666666666666667
8694278841,94,11280,1,2,0.0,-1.1666666666666667
8797556803,95,11400,1,2,0.0,-1.1666666666666667
8882845124,96,11520,1,2,0.0,-1.1666666666666667
8966463301,97,11640,1,2,0.0,-1.1666666666666667
9050599279,98,11760,1,2,0.0,-1.1666666666666667
9137154289,99,11880,1,2,0.0,-1.1666666666666667
9222375026,100,12000,1,2,0.0,-1.1666666666666667
9306124957,101,12120,1,2,0.0,-1.1666666666666667
9411277864,102,12240,1,2,0.0,-1.1666666666666667
9494850984,103,12360,1,2,0.0,-1.1666666666666667
9578337747,104,12480,1,2,0.0,-1.1666666666666667
9665916074,105,12600,1,2,0.0,-1.1666666666666667
9750597846,106,12720,1,2,0.0,-1.1666666666666667
9834565206,107,12840,1,2,0.0,-1.1666666666666667
9942587704,108,12960,1,2,0.0,-1.1666666666666667
10026577934,109,13080,1,2,0.0,-1.1666666666666667
10111928378,110,13200,1,2,0.0,-1.1666666666666667
10198294971,111,13320,1,2,0.0,-1.1666666666666667
10282350054,112,13440,1,2,0.0,-1.1666666666666667
10386593649,113,13560,1,2,0.0,-1.1666666666666667
10473128520,114,13680,1,2,0.0,-1.1666666666666667
10557551560,115,13800,1,2,0.0,-1.1666666666666667
10671785646,116,13920,1,2,0.0,-1.1666666666666667
10759556827,117,14040,1,2,0.0,-1.1666666666666667
10850484318,118,14160,1,2,0.0,-1.1666666666666667
10962875885,119,14280,1,2,0.0,-1.1666666666666667
11046837102,120,14400,1,2,0.0,-1.1666666666666667
11156350203,121,14520,1,2,0.0,-1.1666666666666667
11260667867,122,14640,1,2,0.0,-1.1666666666666667
11345881436,123,14760,1,2,0.0,-1.1666666666666667
11433485364,124,14880,1,2,0.0,-1.1666666666666667
11518746036,125,15000,1,2,0.0,-1.1666666666666667
11602999434,126,15120,1,2,0.0,-1.1666666666666667
11689948343,127,15240,1,2,0.0,-1.1666666666666667
11774516791,128,15360,1,2,0.0,-1.1666666666666667
11862183183,129,15480,1,2,0.0,-1.1666666666666667
11945798970,130,15600,1,2,0.0,-1.1666666666666667
12029610341,131,15720,1,2,0.0,-1.1666666666666667
12116217574,132,15840,1,2,0.0,-1.1666666666666667
12201089468,133,15960,1,2,0.0,-1.1666666666666667
12285350034,134,16080,1,2,0.0,-1.1666666666666667
12371554836,135,16200,1,2,0.0,-1.1666666666666667
12455159017,136,16320,1,2,0.0,-1.1666666666666667
12541678528,137,16440,1,2,0.0,-1.1666666666666667
12626227521,138,16560,1,2,0.0,-1.1666666666666667
12730490572,139,16680,1,2,0.0,-1.1666666666666667
12818524238,140,16800,1,2,0.0,-1.1666666666666667
12909954856,141,16920,1,2,0.0,-1.1666666666666667
13019271349,142,17040,1,2,0.0,-1.1666666666666667
13103990667,143,17160,1,2,0.0,-1.1666666666666667
13190794167,144,17280,1,2,0.0,-1.1666666666666667
13275106274,145,17400,1,2,0.0,-1.1666666666666667
13361489252,146,17520,1,2,0.0,-1.1666666666666667
13445303695,147,17640,1,2,0.0,-1.1666666666666667
13545982402,148,17760,1,2,0.0,-1.1666666666666667
13632163993,149,17880,1,2,0.0,-1.1666666666666667
13716203034,150,18000,1,2,0.0,-1.1666666666666667
13802475078,151,18120,1,2,0.0,-1.1666666666666667
13887134662,152,18240,1,2,0.0,-1.1666666666666667
13991869436,153,18360,1,2,0.0,-1.1666666666666667
14076623229,154,18480,1,2,0.0,-1.1666666666666667
14162773758,155,18600,1,2,0.0,-1.1666666666666667
14246538367,156,18720,1,2,0.0,-1.1666666666666667
14348152328,157,18840,1,2,0.0,-1.1666666666666667
14434547252,158,18960,1,2,0.0,-1.1666666666666667
14522650209,159,19080,1,2,0.0,-1.1666666666666667
14628525719,160,19200,1,2,0.0,-1.1666666666666667
14712376002,161,19320,1,2,0.0,-1.1666666666666667
14799014639,162,19440,1,2,0.0,-1.1666666666666667
14882875503,163,19560,1,2,0.0,-1.1666666666666667
14969178950,164,19680,1,2,0.0,-1.1666666666666667
15074282364,165,19800,1,2,0.0,-1.1666666666666667
15183399518,166,19920,1,2,0.0,-1.1666666666666667
15267783305,167,20040,1,2,0.0,-1.1666666666666667
15369530046,168,20160,1,2,0.0,-1.1666666666666667
15453327422,169,20280,1,2,0.0,-1.1666666666666667
15540184853,170,20400,1,2,0.0,-1.1666666666666667
15625315819,171,20520,1,2,0.0,-1.1666666666666667
15735409188,172,20640,1,2,0.0,-1.1666666666666667
15823636731,173,20760,1,2,0.0,-1.1666666666666667
15928788956,174,20880,1,2,0.0,-1.1666666666666667
16026689208,175,21000,1,2,0.0,-1.1666666666666667
16121430078,176,21120,1,2,0.0,-1.1666666666666667
16223551944,177,21240,1,2,0.0,-1.1666666666666667
16310249631,178,21360,1,2,0.0,-1.1666666666666667
16397852193,179,21480,1,2,0.0,-1.1666666666666667
16481911031,180,21600,1,2,0.0,-1.1666666666666667
16569127204,181,21720,1,2,0.0,-1.1666666666666667
16653067257,182,21840,1,2,0.0,-1.1666666666666667
16768667359,183,21960,1,2,0.0,-1.1666666666666667
16852406367,184,22080,1,2,0.0,-1.1666666666666667
16938177675,185,22200,1,2,0.0,-1.1666666666666667
17022210230,186,22320,1,2,0.0,-1.1666666666666667
17128763287,187,22440,1,2,0.0,-1.1666666666666667
17213492846,188,22560,1,2,0.0,-1.1666666666666667
17300461893,189,22680,1,2,0.0,-1.1666666666666667
17384583877,190,22800,1,2,0.0,-1.1666666666666667
17470137414,191,22920,1,2,0.0,-1.1666666666666667
17553632710,192,23040,1,2,0.0,-1.1666666666666667
17656219472,193,23160,1,2,0.0,-1.1666666666666667
17740285137,194,23280,1,2,0.0,-1.1666666666666667
17827813288,195,23400,1,2,0.0,-1.1666666666666667
17913931391,196,23520,1,2,0.0,-1.1666666666666667
18000202752,197,23640,1,2,0.0,-1.1666666666666667
18084154753,198,23760,1,2,0.0,-1.1666666666666667
18170762669,199,23880,1,2,0.0,-1.1666666666666667
18275713848,200,24000,1,2,0.0,-1.1666666666666667
18362840591,201,24120,1,2,0.0,-1.1666666666666667
18452055613,202,24240,1,2,0.0,-1.1666666666666667
18542630166,203,24360,1,2,0.0,-1.1666666666666667
18631636292,204,24480,1,2,0.0,-1.1666666666666667
18746331177,205,24600,1,2,0.0,-1.1666666666666667
18830639871,206,24720,1,2,0.0,-1.1666666666666667
18916837163,207,24840,1,2,0.0,-1.1666666666666667
19001212758,208,24960,1,2,0.0,-1.1666666666666667
19105574113,209,25080,1,2,0.0,-1.1666666666666667
19190274316,210,25200,1,2,0.0,-1.1666666666666667
19298621081,211,25320,1,2,0.0,-1.1666666666666667
19395492555,212,25440,1,2,0.0,-1.1666666666666667
19493473021,213,25560,1,2,0.0,-1.1666666666666667
19606489228,214,25680,1,2,0.0,-1.1666666666666667
19690410850,215,25800,1,2,0.0,-1.1666666666666667
19776841614,216,25920,1,2,0.0,-1.1666666666666667
19861741839,217,26040,1,2,0.0,-1.1666666666666667
19965089092,218,26160,1,2,0.0,-1.1666666666666667
20052038342,219,26280,1,2,0.0,-1.1666666666666667
20135723419,220,26400,1,2,0.0,-1.1666666666666667
20219822876,221,26520,1,2,0.0,-1.1666666666666667
20324380497,222,26640,1,2,0.0,-1.1666666666666667
20408512380,223,26760,1,2,0.0,-1.1666666666666667
20512804785,224,26880,1,2,0.0,-1.1666666666666667
20596690226,225,27000,1,2,0.0,-1.1666666666666667
20707914773,226,27120,1,2,0.0,-1.1666666666666667
20792860737,227,27240,1,2,0.0,-1.1666666666666667
20879386733,228,27360,1,2,0.0,-1.1666666666666667
20963251694,229,27480,1,2,0.0,-1.1666666666666667
21072191354,230,27600,1,2,0.0,-1.1666666666666667
21156403110,231,27720,1,2,0.0,-1.1666666666666667
21259593349,232,27840,1,2,0.0,-1.1666666666666667
21361210382,233,27960,1,2,0.0,-1.1666666666666667
21445129956,234,28080,1,2,0.0,-1.1666666666666667
21531796582,235,28200,1,2,0.0,-1.1666666666666667
21616162620,236,28320,1,2,0.0,-1.1666666666666667
21718211099,237,28440,1,2,0.0,-1.1666666666666667
21807034952,238,28560,1,2,0.0,-1.1666666666666667
21898351223,239,28680,1,2,0.0,-1.1666666666666667
21986676729,240,28800,1,2,0.0,-1.1666666666666667
22077317501,241,28920,1,2,0.0,-1.1666666666666667
22165682261,242,29040,1,2,0.0,-1.1666666666666667
22255308590,243,29160,1,2,0.0,-1.1666666666666667
22346499932,244,29280,1,2,0.0,-1.1666666666666667
22455825642,245,29400,1,2,0.0,-1.1666666666666667
22539753407,246,29520,1,2,0.0,-1.1666666666666667
22627186668,247,29640,1,2,0.0,-1.1666666666666667
22727912138,248,29760,1,2,0.0,-1.1666666666666667
22814707447,249,29880,1,2,0.0,-1.1666666666666667
22899468407,250,30000,1,2,0.0,-1.1666666666666667
23003509933,251,30120,1,2,0.0,-1.1666666666666667
23087555117,252,30240,1,2,0.0,-1.1666666666666667
23221171826,253,30360,1,2,0.0,-1.1666666666666667
23310252362,254,30480,1,2,0.0,-1.1666666666666667
23396723745,255,30600,1,2,0.0,-1.1666666666666667
23480632737,256,30720,1,2,0.0,-1.1666666666666667
23567761870,257,30840,1,2,0.0,-1.1666666666666667
23652989092,258,30960,1,2,0.0,-1.1666666666666667
23739330085,259,31080,1,2,0.0,-1.1666666666666667
23823154086,260,31200,1,2,0.0,-1.1666666666666667
23927974193,261,31320,1,2,0.0,-1.1666666666666667
24012165127,262,31440,1,2,0.0,-1.1666666666666667
24114365158,263,31560,1,2,0.0,-1.1666666666666667
24199438097,264,31680,1,2,0.0,-1.1666666666666667
24284926781,265,31800,1,2,0.0,-1.1666666666666667
24369127954,266,31920,1,2,0.0,-1.1666666666666667
24470182470,267,32040,1,2,0.0,-1.1666666666666667
24557048435,268,32160,1,2,0.0,-1.1666666666666667
24640956403,269,32280,1,2,0.0,-1.1666666666666667
24724680734,270,32400,1,2,0.0,-1.1666666666666667
24837722200,271,32520,1,2,0.0,-1.1666666666666667
24921517187,272,32640,1,2,0.0,-1.1666666666666667
25020418229,273,32760,1,2,0.0,-1.1666666666666667
25111207481,274,32880,1,2,0.0,-1.1666666666666667
25195072100,275,33000,1,2,0.0,-1.1666666666666667
25298332654,276,33120,1,2,0.0,-1.1666666666666667
25382989167,277,33240,1,2,0.0,-1.1666666666666667
25467379781,278,33360,1,2,0.0,-1.1666666666666667
25571758885,279,33480,1,2,0.0,-1.1666666666666667
25655664464,280,33600,1,2,0.0,-1.1666666666666667
25743852413,281,33720,1,2,0.0,-1.1666666666666667
25832986197,282,33840,1,2,0.0,-1.1666666666666667
25920848514,283,33960,1,2,0.0,-1.1666666666666667
26011073883,284,34080,1,2,0.0,-1.1666666666666667
26099637982,285,34200,1,2,0.0,-1.1666666666666667
26213565891,286,34320,1,2,0.0,-1.1666666666666667
26297442115,287,34440,1,2,0.0,-1.1666666666666667
26381294446,288,34560,1,2,0.0,-1.1666666666666667
26467877104,289,34680,1,2,0.0,-1.1666666666666667
26552357147,290,34800,1,2,0.0,-1.1666666666666667
26638330183,291,34920,1,2,0.0,-1.1666666666666667
26721995122,292,35040,1,2,0.0,-1.1666666666666667
26808466505,293,35160,1,2,0.0,-1.1666666666666667
26892899444,294,35280,1,2,0.0,-1.1666666666666667
26977502367,295,35400,1,2,0.0,-1.1666666666666667
27083959169,296,35520,1,2,0.0,-1.1666666666666667
27168082177,297,35640,1,2,0.0,-1.1666666666666667
27254468909,298,35760,1,2,0.0,-1.1666666666666667
27338340013,299,35880,1,2,0.0,-1.1666666666666667
27447236325,300,36000,1,2,0.0,-1.1666666666666667
27531569936,301,36120,1,2,0.0,-1.1666666666666667
27617744018,302,36240,1,2,0.0,-1.1666666666666667
27701663592,303,36360,1,2,0.0,-1.1666666666666667
27788339774,304,36480,1,2,0.0,-1.1666666666666667
27874069099,305,36600,1,2,0.0,-1.1666666666666667
27957553813,306,36720,1,2,0.0,-1.1666666666666667
28058564638,307,36840,1,2,0.0,-1.1666666666666667
28143342324,308,36960,1,2,0.0,-1.1666666666666667
28231841228,309,37080,1,2,0.0,-1.1666666666666667
28316735651,310,37200,1,2,0.0,-1.1666666666666667
28404108836,311,37320,1,2,0.0,-1.1666666666666667
28489016229,312,37440,1,2,0.0,-1.1666666666666667
28601816372,313,37560,1,2,0.0,-1.1666666666666667
28685584394,314,37680,1,2,0.0,-1.1666666666666667
28772197772,315,37800,1,2,0.0,-1.1666666666666667
28857332151,316,37920,1,2,0.0,-1.1666666666666667
28943626723,317,38040,1,2,0.0,-1.1666666666666667
29026914489,318,38160,1,2,0.0,-1.1666666666666667
29113110074,319,38280,1,2,0.0,-1.1666666666666667
29196848058,320,38400,1,2,0.0,-1.1666666666666667
29283775463,321,38520,1,2,0.0,-1.1666666666666667
29368291688,322,38640,1,2,0.0,-1.1666666666666667
29478238282,323,38760,1,2,0.0,-1.1666666666666667
29561989920,324,38880,1,2,0.0,-1.1666666666666667
29668797953,325,39000,1,2,0.0,-1.1666666666666667
29753154093,326,39120,1,2,0.0,-1.1666666666666667
29840907183,327,39240,1,2,0.0,-1.1666666666666667
29927322587,328,39360,1,2,0.0,-1.1666666666666667
30011038726,329,39480,1,2,0.0,-1.1666666666666667
30094876038,330,39600,1,2,0.0,-1.1666666666666667
30181769992,331,39720,1,2,0.0,-1.1666666666666667
30266216585,332,39840,1,2,0.0,-1.1666666666666667
30352749066,333,39960,1,2,0.0,-1.1666666666666667
30436429706,334,40080,1,2,0.0,-1.1666666666666667
30520499808,335,40200,1,2,0.0,-1.1666666666666667
30607220706,336,40320,1,2,0.0,-1.1666666666666667
30691868002,337,40440,1,2,0.0,-1.1666666666666667
30775768120,338,40560,1,2,0.0,-1.1666666666666667
30862210148,339,40680,1,2,0.0,-1.1666666666666667
30946089103,340,40800,1,2,0.0,-1.1666666666666667
31049742532,341,40920,1,2,0.0,-1.1666666666666667
31135132230,342,41040,1,2,0.0,-1.1666666666666667
31222425202,343,41160,1,2,0.0,-1.1666666666666667
31330082473,344,41280,1,2,0.0,-1.1666666666666667
31414362154,345,41400,1,2,0.0,-1.1666666666666667
31525878200,346,41520,1,2,0.0,-1.1666666666666667
31609672504,347,41640,1,2,0.0,-1.1666666666666667
31693177699,348,41760,1,2,0.0,-1.1666666666666667
31793830807,349,41880,1,2,0.0,-1.1666666666666667
31878695874,350,42000,1,2,0.0,-1.1666666666666667
31991376551,351,42120,1,2,0.0,-1.1666666666666667
32075076305,352,42240,1,2,0.0,-1.1666666666666667
32180259591,353,42360,1,2,0.0,-1.1666666666666667
32268681354,354,42480,1,2,0.0,-1.1666666666666667
32360395961,355,42600,1,2,0.0,-1.1666666666666667
32471085639,356,42720,1,2,0.0,-1.1666666666666667
32555411399,357,42840,1,2,0.0,-1.1666666666666667
32656082256,358,42960,1,2,0.0,-1.1666666666666667
32740297766,359,43080,1,2,0.0,-1.1666666666666667
32827881896,360,43200,1,2,0.0,-1.1666666666666667
32912116521,361,43320,1,2,0.0,-1.1666666666666667
32998707370,362,43440,1,2,0.0,-1.1666666666666667
33082909227,363,43560,1,2,0.0,-1.1666666666666667
33173527812,364,43680,1,2,0.0,-1.1666666666666667
33263135026,365,43800,1,2,0.0,-1.1666666666666667
33347442696,366,43920,1,2,0.0,-1.1666666666666667
33435139466,367,44040,1,2,0.0,-1.1666666666666667
33519116042,368,44160,1,2,0.0,-1.1666666666666667
33632838810,369,44280,1,2,0.0,-1.1666666666666667
33739626363,370,44400,1,2,0.0,-1.1666666666666667
33848759219,371,44520,1,2,0.0,-1.1666666666666667
33932936158,372,44640,1,2,0.0,-1.1666666666666667
34018917386,373,44760,1,2,0.0,-1.1666666666666667
34102621578,374,44880,1,2,0.0,-1.1666666666666667
34189309708,375,45000,1,2,0.0,-1.1666666666666667
34274391181,376,45120,1,2,0.0,-1.1666666666666667
34361123684,377,45240,1,2,0.0,-1.1666666666666667
34445025508,378,45360,1,2,0.0,-1.1666666666666667
34550275354,379,45480,1,2,0.0,-1.1666666666666667
34636492102,380,45600,1,2,0.0,-1.1666666666666667
34740392315,381,45720,1,2,0.0,-1.1666666666666667
34836487938,382,45840,1,2,0.0,-1.1666666666666667
34923034414,383,45960,1,2,0.0,-1.1666666666666667
35007610713,384,46080,1,2,0.0,-1.1666666666666667
35093792646,385,46200,1,2,0.0,-1.1666666666666667
35177654875,386,46320,1,2,0.0,-1.1666666666666667
35263957981,387,46440,1,2,0.0,-1.1666666666666667
35351357791,388,46560,1,2,0.0,-1.1666666666666667
35435520394,389,46680,1,2,0.0,-1.1666666666666667
35537980180,390,46800,1,2,0.0,-1.1666666666666667
35622031508,391,46920,1,2,0.0,-1.1666666666666667
35708600171,392,47040,1,2,0.0,-1.1666666666666667
35793569686,393,47160,1,2,0.0,-1.1666666666666667
35878824898,394,47280,1,2,0.0,-1.1666666666666667
35971212956,395,47400,1,2,0.0,-1.1666666666666667
36054651932,396,47520,1,2,0.0,-1.1666666666666667
36138258503,397,47640,1,2,0.0,-1.1666666666666667
36245505150,398,47760,1,2,0.0,-1.1666666666666667
36333025109,399,47880,1,2,0.0,-1.1666666666666667
36465509615,400,48000,1,2,0.0,-1.1666666666666667
36548772804,401,48120,1,2,0.0,-1.1666666666666667
36632635375,402,48240,1,2,0.0,-1.1666666666666667
36744477736,403,48360,1,2,0.0,-1.1666666666666667
36837044312,404,48480,1,2,0.0,-1.1666666666666667
36925106309,405,48600,1,2,0.0,-1.1666666666666667
37015711582,406,48720,1,2,0.0,-1.1666666666666667
37100184457,407,48840,1,2,0.0,-1.1666666666666667
37186854496,408,48960,1,2,0.0,-1.1666666666666667
37271152267,409,49080,1,2,0.0,-1.1666666666666667
37358484835,410,49200,1,2,0.0,-1.1666666666666667
37446572431,411,49320,1,2,0.0,-1.1666666666666667
37546220995,412,49440,1,2,0.0,-1.1666666666666667
37645002229,413,49560,1,2,0.0,-1.1666666666666667
37728690720,414,49680,1,2,0.0,-1.1666666666666667
37815557026,415,49800,1,2,0.0,-1.1666666666666667
37900593784,416,49920,1,2,0.0,-1.1666666666666667
37987951269,417,50040,1,2,0.0,-1.1666666666666667
38071668432,418,50160,1,2,0.0,-1.1666666666666667
38157918631,419,50280,1,2,0.0,-1.1666666666666667
38263109426,420,50400,1,2,0.0,-1.1666666666666667
38351083700,421,50520,1,2,0.0,-1.1666666666666667
38452880275,422,50640,1,2,0.0,-1.1666666666666667
38536753086,423,50760,1,2,0.0,-1.1666666666666667
38622889621,424,50880,1,2,0.0,-1.1666666666666667
38706619413,425,51000,1,2,0.0,-1.1666666666666667
38813705291,426,51120,1,2,0.0,-1.1666666666666667
38899384098,427,51240,1,2,0.0,-1.1666666666666667
39011140443,428,51360,1,2,0.0,-1.1666666666666667
39095046022,429,51480,1,2,0.0,-1.1666666666666667
39181067528,430,51600,1,2,0.0,-1.1666666666666667
39265126707,431,51720,1,2,0.0,-1.1666666666666667
39353167882,432,51840,1,2,0.0,-1.1666666666666667
39437291915,433,51960,1,2,0.0,-1.1666666666666667
39521181451,434,52080,1,2,0.0,-1.1666666666666667
39606724748,435,52200,1,2,0.0,-1.1666666666666667
39690231650,436,52320,1,2,0.0,-1.1666666666666667
39777608249,437,52440,1,2,0.0,-1.1666666666666667
39863293541,438,52560,1,2,0.0,-1.1666666666666667
39950313447,439,52680,1,2,0.0,-1.1666666666666667
40036311059,440,52800,1,2,0.0,-1.1666666666666667
40120780521,441,52920,1,2,0.0,-1.1666666666666667
40226274420,442,53040,1,2,0.0,-1.1666666666666667
40310118559,443,53160,1,2,0.0,-1.1666666666666667
40415874602,444,53280,1,2,0.0,-1.1666666666666667
40504120920,445,53400,1,2,0.0,-1.1666666666666667
40591404335,446,53520,1,2,0.0,-1.1666666666666667
40695246863,447,53640,1,2,0.0,-1.1666666666666667
40779686287,448,53760,1,2,0.0,-1.1666666666666667
40865608123,449,53880,1,2,0.0,-1.1666666666666667
40977716725,450,54000,1,2,0.0,-1.1666666666666667
41061250592,451,54120,1,2,0.0,-1.1666666666666667
41148218615,452,54240,1,2,0.0,-1.1666666666666667
41233174136,453,54360,1,2,0.0,-1.1666666666666667
41317332643,454,54480,1,2,0.0,-1.1666666666666667
41403020665,455,54600,1,2,0.0,-1.1666666666666667
41487233103,456,54720,1,2,0.0,-1.1666666666666667
41572444624,457,54840,1,2,0.0,-1.1666666666666667
41659732818,458,54960,1,2,0.0,-1.1666666666666667
41743805992,459,55080,1,2,0.0,-1.1666666666666667
41829660244,460,55200,1,2,0.0,-1.1666666666666667
41914630783,461,55320,1,2,0.0,-1.1666666666666667
41998483114,462,55440,1,2,0.0,-1.1666666666666667
42111876154,463,55560,1,2,0.0,-1.1666666666666667
42199346620,464,55680,1,2,0.0,-1.1666666666666667
42309679946,465,55800,1,2,0.0,-1.1666666666666667
42394990112,466,55920,1,2,0.0,-1.1666666666666667
42478538656,467,56040,1,2,0.0,-1.1666666666666667
42582676096,468,56160,1,2,0.0,-1.1666666666666667
42671266477,469,56280,1,2,0.0,-1.1666666666666667
42776913977,470,56400,1,2,0.0,-1.1666666666666667
42861174884,471,56520,1,2,0.0,-1.1666666666666667
42944663694,472,56640,1,2,0.0,-1.1666666666666667
43049158169,473,56760,1,2,0.0,-1.1666666666666667
43135521008,474,56880,1,2,0.0,-1.1666666666666667
43243809746,475,57000,1,2,0.0,-1.1666666666666667
43327119357,476,57120,1,2,0.0,-1.1666666666666667
43432805427,477,57240,1,2,0.0,-1.1666666666666667
43516825694,478,57360,1,2,0.0,-1.1666666666666667
43602976565,479,57480,1,2,0.0,-1.1666666666666667
43687591776,480,57600,1,2,0.0,-1.1666666666666667
43772803297,481,57720,1,2,0.0,-1.1666666666666667
43859561059,482,57840,1,2,0.0,-1.1666666666666667
43943417486,483,57960,1,2,0.0,-1.1666666666666667
44029781008,484,58080,1,2,0.0,-1.1666666666666667
44114108816,485,58200,1,2,0.0,-1.1666666666666667
44201553682,486,58320,1,2,0.0,-1.1666666666666667
44285555176,487,58440,1,2,0.0,-1.1666666666666667
44393372532,488,58560,1,2,0.0,-1.1666666666666667
44480376737,489,58680,1,2,0.0,-1.1666666666666667
44591156868,490,58800,1,2,0.0,-1.1666666666666667
44676269744,491,58920,1,2,0.0,-1.1666666666666667
44763228210,492,59040,1,2,0.0,-1.1666666666666667
44847957426,493,59160,1,2,0.0,-1.1666666666666667
44934460895,494,59280,1,2,0.0,-1.1666666666666667
45018263391,495,59400,1,2,0.0,-1.1666666666666667
45109074488,496,59520,1,2,0.0,-1.1666666666666667
45208108651,497,59640,1,2,0.0,-1.1666666666666667
45293096940,498,59760,1,2,0.0,-1.1666666666666667
45381997593,499,59880,1,2,0.0,-1.1666666666666667
45466700869,500,60000,1,2,0.0,-1.1666666666666667
45552709745,501,60120,1,2,0.0,-1.1666666666666667
45636252145,502,60240,1,2,0.0,-1.1666666666666667
45720519537,503,60360,1,2,0.0,-1.1666666666666667
45808279454,504,60480,1,2,0.0,-1.1666666666666667
45892363209,505,60600,1,2,0.0,-1.1666666666666667
45979143840,506,60720,1,2,0.0,-1.1666666666666667
46063876812,507,60840,1,2,0.0,-1.1666666666666667
46151571875,508,60960,1,2,0.0,-1.1666666666666667
46235433763,509,61080,1,2,0.0,-1.1666666666666667
46319657124,510,61200,1,2,0.0,-1.1666666666666667
46405954768,511,61320,1,2,0.0,-1.1666666666666667
46490657361,512,61440,1,2,0.0,-1.1666666666666667
46578092328,513,61560,1,2,0.0,-1.1666666666666667
46670375938,514,61680,1,2,0.0,-1.1666666666666667
46756103897,515,61800,1,2,0.0,-1.1666666666666667
46840083545,516,61920,1,2,0.0,-1.1666666666666667
46927774513,517,62040,1,2,0.0,-1.1666666666666667
47012556977,518,62160,1,2,0.0,-1.1666666666666667
47096278236,519,62280,1,2,0.0,-1.1666666666666667
47182928478,520,62400,1,2,0.0,-1.1666666666666667
47267053534,521,62520,1,2,0.0,-1.1666666666666667
47350772404,522,62640,1,2,0.0,-1.1666666666666667
47437816203,523,62760,1,2,0.0,-1.1666666666666667
47521616993,524,62880,1,2,0.0,-1.1666666666666667
47605200011,525,63000,1,2,0.0,-1.1666666666666667
47691088397,526,63120,1,2,0.0,-1.1666666666666667
47774699064,527,63240,1,2,0.0,-1.1666666666666667
47859517368,528,63360,1,2,0.0,-1.1666666666666667
47962589848,529,63480,1,2,0.0,-1.1666666666666667
48046555160,530,63600,1,2,0.0,-1.1666666666666667
48130552216,531,63720,1,2,0.0,-1.1666666666666667
48261000667,532,63840,1,2,0.0,-1.1666666666666667
48345619975,533,63960,1,2,0.0,-1.1666666666666667
48430272391,534,64080,1,2,0.0,-1.1666666666666667
48542570433,535,64200,1,2,0.0,-1.1666666666666667
48629535384,536,64320,1,2,0.0,-1.1666666666666667
48717712410,537,64440,1,2,0.0,-1.1666666666666667
48808925940,538,64560,1,2,0.0,-1.1666666666666667
48898331767,539,64680,1,2,0.0,-1.1666666666666667
48988644858,540,64800,1,2,0.0,-1.1666666666666667
49075945340,541,64920,1,2,0.0,-1.1666666666666667
49163437652,542,65040,1,2,0.0,-1.1666666666666667
49273605090,543,65160,1,2,0.0,-1.1666666666666667
49376768022,544,65280,1,2,0.0,-1.1666666666666667
49460869186,545,65400,1,2,0.0,-1.1666666666666667
49547768942,546,65520,1,2,0.0,-1.1666666666666667
49631546180,547,65640,1,2,0.0,-1.1666666666666667
49717891611,548,65760,1,2,0.0,-1.1666666666666667
49802794566,549,65880,1,2,0.0,-1.1666666666666667
49887144561,550,66000,1,2,0.0,-1.1666666666666667
49973562355,551,66120,1,2,0.0,-1.1666666666666667
50057209544,552,66240,1,2,0.0,-1.1666666666666667
50141246537,553,66360,1,2,0.0,-1.1666666666666667
50244538152,554,66480,1,2,0.0,-1.1666666666666667
50352669536,555,66600,1,2,0.0,-1.1666666666666667
50439140577,556,66720,1,2,0.0,-1.1666666666666667
50523542796,557,66840,1,2,0.0,-1.1666666666666667
50626977431,558,66960,1,2,0.0,-1.1666666666666667
50739554342,559,67080,1,2,0.0,-1.1666666666666667
50826671528,560,67200,1,2,0.0,-1.1666666666666667
50942349112,561,67320,1,2,0.0,-1.1666666666666667
51026372451,562,67440,1,2,0.0,-1.1666666666666667
51123853546,563,67560,1,2,0.0,-1.1666666666666667
51212088258,564,67680,1,2,0.0,-1.1666666666666667
51295882904,565,67800,1,2,0.0,-1.1666666666666667
51382632474,566,67920,1,2,0.0,-1.1666666666666667
51466645572,567,68040,1,2,0.0,-1.1666666666666667
51570636239,568,68160,1,2,0.0,-1.1666666666666667
51654143141,569,68280,1,2,0.0,-1.1666666666666667
51751704791,570,68400,1,2,0.0,-1.1666666666666667
51841655386,571,68520,1,2,0.0,-1.1666666666666667
51927020848,572,68640,1,2,0.0,-1.1666666666666667
52013989554,573,68760,1,2,0.0,-1.1666666666666667
52098064434,574,68880,1,2,0.0,-1.1666666666666667
52184175028,575,69000,1,2,0.0,-1.1666666666666667
52268254687,576,69120,1,2,0.0,-1.1666666666666667
52378949826,577,69240,1,2,0.0,-1.1666666666666667
52463173187,578,69360,1,2,0.0,-1.1666666666666667
52549470831,579,69480,1,2,0.0,-1.1666666666666667
52633425221,580,69600,1,2,0.0,-1.1666666666666667
52719579163,581,69720,1,2,0.0,-1.1666666666666667
52804138396,582,69840,1,2,0.0,-1.1666666666666667
52896331894,583,69960,1,2,0.0,-1.1666666666666667
53002761730,584,70080,1,2,0.0,-1.1666666666666667
53090607663,585,70200,1,2,0.0,-1.1666666666666667
53179712092,586,70320,1,2,0.0,-1.1666666666666667
53266431283,587,70440,1,2,0.0,-1.1666666666666667
53377844588,588,70560,1,2,0.0,-1.1666666666666667
53461745730,589,70680,1,2,0.0,-1.1666666666666667
53548130073,590,70800,1,2,0.0,-1.1666666666666667
53631675545,591,70920,1,2,0.0,-1.1666666666666667
53718480411,592,71040,1,2,0.0,-1.1666666666666667
53803127025,593,71160,1,2,0.0,-1.1666666666666667
53907761788,594,71280,1,2,0.0,-1.1666666666666667
53994052605,595,71400,1,2,0.0,-1.1666666666666667
54102994656,596,71520,1,2,0.0,-1.1666666666666667
54190614626,597,71640,1,2,0.0,-1.1666666666666667
54274972813,598,71760,1,2,0.0,-1.1666666666666667
54361326777,599,71880,1,2,0.0,-1.1666666666666667
54445165113,600,72000,1,2,0.0,-1.1666666666666667
54531203344,601,72120,1,2,0.0,-1.1666666666666667
54615648913,602,72240,1,2,0.0,-1.1666666666666667
54702898878,603,72360,1,2,0.0,-1.1666666666666667
54786983657,604,72480,1,2,0.0,-1.1666666666666667
54873790229,605,72600,1,2,0.0,-1.1666666666666667
54957647339,606,72720,1,2,0.0,-1.1666666666666667
55044334786,607,72840,1,2,0.0,-1.1666666666666667
55128802882,608,72960,1,2,0.0,-1.1666666666666667
55212619373,609,73080,1,2,0.0,-1.1666666666666667
55298682180,610,73200,1,2,0.0,-1.1666666666666667
55382241988,611,73320,1,2,0.0,-1.1666666666666667
55468412656,612,73440,1,2,0.0,-1.1666666666666667
55552664006,613,73560,1,2,0.0,-1.1666666666666667
55658336764,614,73680,1,2,0.0,-1.1666666666666667
55745132755,615,73800,1,2,0.0,-1.1666666666666667
55849383859,616,73920,1,2,0.0,-1.1666666666666667
55936351200,617,74040,1,2,0.0,-1.1666666666666667
56020985867,618,74160,1,2,0.0,-1.1666666666666667
56108044002,619,74280,1,2,0.0,-1.1666666666666667
56192226061,620,74400,1,2,0.0,-1.1666666666666667
56300896410,621,74520,1,2,0.0,-1.1666666666666667
56403163001,622,74640,1,2,0.0,-1.1666666666666667
56491397372,623,74760,1,2,0.0,-1.1666666666666667
56593589893,624,74880,1,2,0.0,-1.1666666666666667
56677542918,625,75000,1,2,0.0,-1.1666666666666667
56763869234,626,75120,1,2,0.0,-1.1666666666666667
56848144477,627,75240,1,2,0.0,-1.1666666666666667
56935639519,628,75360,1,2,0.0,-1.1666666666666667
57019575136,629,75480,1,2,0.0,-1.1666666666666667
57103112757,630,75600,1,2,0.0,-1.1666666666666667
57188858465,631,75720,1,2,0.0,-1.1666666666666667
57272162273,632,75840,1,2,0.0,-1.1666666666666667
57381868569,633,75960,1,2,0.0,-1.1666666666666667
57485090211,634,76080,1,2,0.0,-1.1666666666666667
57571436325,635,76200,1,2,0.0,-1.1666666666666667
57654733306,636,76320,1,2,0.0,-1.1666666666666667
57740493009,637,76440,1,2,0.0,-1.1666666666666667
57824395174,638,76560,1,2,0.0,-1.1666666666666667
57912408702,639,76680,1,2,0.0,-1.1666666666666667
57996524201,640,76800,1,2,0.0,-1.1666666666666667
58080457087,641,76920,1,2,0.0,-1.1666666666666667
58166205867,642,77040,1,2,0.0,-1.1666666666666667
58270682251,643,77160,1,2,0.0,-1.1666666666666667
58383262917,644,77280,1,2,0.0,-1.1666666666666667
58467126511,645,77400,1,2,0.0,-1.1666666666666667
58572849104,646,77520,1,2,0.0,-1.1666666666666667
58659462482,647,77640,1,2,0.0,-1.1666666666666667
58766893790,648,77760,1,2,0.0,-1.1666666666666667
58851944543,649,77880,1,2,0.0,-1.1666666666666667
58956783424,650,78000,1,2,0.0,-1.1666666666666667
59044155244,651,78120,1,2,0.0,-1.1666666666666667
59149615693,652,78240,1,2,0.0,-1.1666666666666667
59234150350,653,78360,1,2,0.0,-1.1666666666666667
59318022136,654,78480,1,2,0.0,-1.1666666666666667
59404516389,655,78600,1,2,0.0,-1.1666666666666667
59488353701,656,78720,1,2,0.0,-1.1666666666666667
59575009745,657,78840,1,2,0.0,-1.1666666666666667
59659327655,658,78960,1,2,0.0,-1.1666666666666667
59747164372,659,79080,1,2,0.0,-1.1666666666666667
59831075754,660,79200,1,2,0.0,-1.1666666666666667
59915252693,661,79320,1,2,0.0,-1.1666666666666667
60001360556,662,79440,1,2,0.0,-1.1666666666666667
